-- phpMyAdmin SQL Dump
-- version 4.7.7
-- https://www.phpmyadmin.net/
--
-- Host: 127.0.0.1
-- Generation Time: Jun 06, 2018 at 12:28 PM
-- Server version: 10.1.30-MariaDB
-- PHP Version: 7.2.2

SET SQL_MODE = "NO_AUTO_VALUE_ON_ZERO";
SET AUTOCOMMIT = 0;
START TRANSACTION;
SET time_zone = "+00:00";


/*!40101 SET @OLD_CHARACTER_SET_CLIENT=@@CHARACTER_SET_CLIENT */;
/*!40101 SET @OLD_CHARACTER_SET_RESULTS=@@CHARACTER_SET_RESULTS */;
/*!40101 SET @OLD_COLLATION_CONNECTION=@@COLLATION_CONNECTION */;
/*!40101 SET NAMES utf8mb4 */;

--
-- Database: `eapi`
--

-- --------------------------------------------------------

--
-- Table structure for table `migrations`
--

CREATE TABLE `migrations` (
  `id` int(10) UNSIGNED NOT NULL,
  `migration` varchar(191) COLLATE utf8mb4_unicode_ci NOT NULL,
  `batch` int(11) NOT NULL
) ENGINE=InnoDB DEFAULT CHARSET=utf8mb4 COLLATE=utf8mb4_unicode_ci;

--
-- Dumping data for table `migrations`
--

INSERT INTO `migrations` (`id`, `migration`, `batch`) VALUES
(1, '2014_10_12_000000_create_users_table', 1),
(2, '2014_10_12_100000_create_password_resets_table', 1),
(3, '2018_06_05_193911_create_products_table', 1),
(4, '2018_06_05_194005_create_reviews_table', 1),
(5, '2016_06_01_000001_create_oauth_auth_codes_table', 2),
(6, '2016_06_01_000002_create_oauth_access_tokens_table', 2),
(7, '2016_06_01_000003_create_oauth_refresh_tokens_table', 2),
(8, '2016_06_01_000004_create_oauth_clients_table', 2),
(9, '2016_06_01_000005_create_oauth_personal_access_clients_table', 2);

-- --------------------------------------------------------

--
-- Table structure for table `oauth_access_tokens`
--

CREATE TABLE `oauth_access_tokens` (
  `id` varchar(100) COLLATE utf8mb4_unicode_ci NOT NULL,
  `user_id` int(11) DEFAULT NULL,
  `client_id` int(11) NOT NULL,
  `name` varchar(191) COLLATE utf8mb4_unicode_ci DEFAULT NULL,
  `scopes` text COLLATE utf8mb4_unicode_ci,
  `revoked` tinyint(1) NOT NULL,
  `created_at` timestamp NULL DEFAULT NULL,
  `updated_at` timestamp NULL DEFAULT NULL,
  `expires_at` datetime DEFAULT NULL
) ENGINE=InnoDB DEFAULT CHARSET=utf8mb4 COLLATE=utf8mb4_unicode_ci;

--
-- Dumping data for table `oauth_access_tokens`
--

INSERT INTO `oauth_access_tokens` (`id`, `user_id`, `client_id`, `name`, `scopes`, `revoked`, `created_at`, `updated_at`, `expires_at`) VALUES
('b9e8d788e1c9c626d42d5bc45eec4db03faf232831e7d4ea67ce0539394696010683847f5fa85b7c', 1, 2, NULL, '[]', 0, '2018-06-06 04:18:03', '2018-06-06 04:18:03', '2019-06-06 10:18:03');

-- --------------------------------------------------------

--
-- Table structure for table `oauth_auth_codes`
--

CREATE TABLE `oauth_auth_codes` (
  `id` varchar(100) COLLATE utf8mb4_unicode_ci NOT NULL,
  `user_id` int(11) NOT NULL,
  `client_id` int(11) NOT NULL,
  `scopes` text COLLATE utf8mb4_unicode_ci,
  `revoked` tinyint(1) NOT NULL,
  `expires_at` datetime DEFAULT NULL
) ENGINE=InnoDB DEFAULT CHARSET=utf8mb4 COLLATE=utf8mb4_unicode_ci;

-- --------------------------------------------------------

--
-- Table structure for table `oauth_clients`
--

CREATE TABLE `oauth_clients` (
  `id` int(10) UNSIGNED NOT NULL,
  `user_id` int(11) DEFAULT NULL,
  `name` varchar(191) COLLATE utf8mb4_unicode_ci NOT NULL,
  `secret` varchar(100) COLLATE utf8mb4_unicode_ci NOT NULL,
  `redirect` text COLLATE utf8mb4_unicode_ci NOT NULL,
  `personal_access_client` tinyint(1) NOT NULL,
  `password_client` tinyint(1) NOT NULL,
  `revoked` tinyint(1) NOT NULL,
  `created_at` timestamp NULL DEFAULT NULL,
  `updated_at` timestamp NULL DEFAULT NULL
) ENGINE=InnoDB DEFAULT CHARSET=utf8mb4 COLLATE=utf8mb4_unicode_ci;

--
-- Dumping data for table `oauth_clients`
--

INSERT INTO `oauth_clients` (`id`, `user_id`, `name`, `secret`, `redirect`, `personal_access_client`, `password_client`, `revoked`, `created_at`, `updated_at`) VALUES
(1, NULL, 'Laravel Personal Access Client', 'emyl2oupY0U6A11p6tULgzmXjHWh2vRBztmKjFoQ', 'http://localhost', 1, 0, 0, '2018-06-06 03:56:40', '2018-06-06 03:56:40'),
(2, NULL, 'Laravel Password Grant Client', 's0k3CFzJB3CMwYYvk5VOwIhWEfl0WCYxa1Y4MmC4', 'http://localhost', 0, 1, 0, '2018-06-06 03:56:41', '2018-06-06 03:56:41');

-- --------------------------------------------------------

--
-- Table structure for table `oauth_personal_access_clients`
--

CREATE TABLE `oauth_personal_access_clients` (
  `id` int(10) UNSIGNED NOT NULL,
  `client_id` int(11) NOT NULL,
  `created_at` timestamp NULL DEFAULT NULL,
  `updated_at` timestamp NULL DEFAULT NULL
) ENGINE=InnoDB DEFAULT CHARSET=utf8mb4 COLLATE=utf8mb4_unicode_ci;

--
-- Dumping data for table `oauth_personal_access_clients`
--

INSERT INTO `oauth_personal_access_clients` (`id`, `client_id`, `created_at`, `updated_at`) VALUES
(1, 1, '2018-06-06 03:56:40', '2018-06-06 03:56:40');

-- --------------------------------------------------------

--
-- Table structure for table `oauth_refresh_tokens`
--

CREATE TABLE `oauth_refresh_tokens` (
  `id` varchar(100) COLLATE utf8mb4_unicode_ci NOT NULL,
  `access_token_id` varchar(100) COLLATE utf8mb4_unicode_ci NOT NULL,
  `revoked` tinyint(1) NOT NULL,
  `expires_at` datetime DEFAULT NULL
) ENGINE=InnoDB DEFAULT CHARSET=utf8mb4 COLLATE=utf8mb4_unicode_ci;

--
-- Dumping data for table `oauth_refresh_tokens`
--

INSERT INTO `oauth_refresh_tokens` (`id`, `access_token_id`, `revoked`, `expires_at`) VALUES
('8667be2c2b747d3d7dcf175f71b9cfbbb88b3b6ca8ef59d2f11cf50956ccc1a56662a2227e75a41b', 'b9e8d788e1c9c626d42d5bc45eec4db03faf232831e7d4ea67ce0539394696010683847f5fa85b7c', 0, '2019-06-06 10:18:03');

-- --------------------------------------------------------

--
-- Table structure for table `password_resets`
--

CREATE TABLE `password_resets` (
  `email` varchar(191) COLLATE utf8mb4_unicode_ci NOT NULL,
  `token` varchar(191) COLLATE utf8mb4_unicode_ci NOT NULL,
  `created_at` timestamp NULL DEFAULT NULL
) ENGINE=InnoDB DEFAULT CHARSET=utf8mb4 COLLATE=utf8mb4_unicode_ci;

-- --------------------------------------------------------

--
-- Table structure for table `products`
--

CREATE TABLE `products` (
  `id` int(10) UNSIGNED NOT NULL,
  `name` varchar(191) COLLATE utf8mb4_unicode_ci NOT NULL,
  `details` text COLLATE utf8mb4_unicode_ci NOT NULL,
  `price` int(11) NOT NULL,
  `stock` int(11) NOT NULL,
  `discount` int(11) NOT NULL,
  `created_at` timestamp NULL DEFAULT NULL,
  `updated_at` timestamp NULL DEFAULT NULL
) ENGINE=InnoDB DEFAULT CHARSET=utf8mb4 COLLATE=utf8mb4_unicode_ci;

--
-- Dumping data for table `products`
--

INSERT INTO `products` (`id`, `name`, `details`, `price`, `stock`, `discount`, `created_at`, `updated_at`) VALUES
(1, 'eveniet', 'Eligendi labore eveniet minus molestias in voluptatem veniam. Ut ut eos hic nulla occaecati pariatur eligendi. Labore sit maxime distinctio inventore nesciunt quibusdam.', 977, 3, 27, '2018-06-05 14:48:23', '2018-06-05 14:48:23'),
(2, 'iste', 'Sed ut et quo qui facilis asperiores. Aperiam et odit dolor nam. Officia odit omnis est ut. Deserunt consequatur quidem voluptas accusamus.', 686, 0, 23, '2018-06-05 14:48:23', '2018-06-05 14:48:23'),
(3, 'voluptas', 'Distinctio voluptates reprehenderit omnis. Voluptatum nulla at deleniti qui quas. Qui animi atque autem accusamus voluptas est. Pariatur eos asperiores odit rerum.', 215, 9, 17, '2018-06-05 14:48:23', '2018-06-05 14:48:23'),
(4, 'nobis', 'Dolorem ut officia voluptatem dolor magni quaerat accusamus. Modi quia pariatur iusto. Dolor dolor est accusamus voluptates laborum exercitationem repellat et.', 173, 6, 58, '2018-06-05 14:48:23', '2018-06-05 14:48:23'),
(5, 'unde', 'Beatae fugiat ex quaerat soluta sit. Quia commodi in veniam accusantium. Ea minus est asperiores velit aperiam exercitationem praesentium. Cum velit cupiditate reiciendis ullam.', 843, 1, 18, '2018-06-05 14:48:23', '2018-06-05 14:48:23'),
(6, 'quod', 'Laborum exercitationem a sint. Incidunt quis id assumenda cupiditate recusandae minus et. Perferendis asperiores sit pariatur qui laborum excepturi. Earum nam totam libero itaque animi est.', 910, 7, 67, '2018-06-05 14:48:23', '2018-06-05 14:48:23'),
(7, 'maiores', 'Eos natus natus similique. Aut optio voluptas possimus qui consequatur voluptates quam. Quos ea ullam voluptatum.', 961, 1, 19, '2018-06-05 14:48:23', '2018-06-05 14:48:23'),
(8, 'est', 'Optio quisquam sunt porro ipsum. Natus dolorum saepe provident. Iure quia molestias vitae culpa. Autem et aut ut molestiae quis minima.', 659, 9, 2, '2018-06-05 14:48:23', '2018-06-05 14:48:23'),
(9, 'nisi', 'Eos rerum est porro impedit saepe. Ut laborum ut non repudiandae error nihil.', 883, 6, 24, '2018-06-05 14:48:23', '2018-06-05 14:48:23'),
(10, 'numquam', 'Culpa non magnam aspernatur at omnis consectetur et. Et qui eum alias eveniet et sed. Eum libero vel nulla odit laudantium qui aut. Rerum aspernatur ipsam et.', 262, 6, 11, '2018-06-05 14:48:23', '2018-06-05 14:48:23'),
(11, 'maiores', 'Harum est ut eum nisi incidunt. At possimus aut porro adipisci. Minus cupiditate eaque ducimus inventore. Vitae architecto laborum qui vel provident ut.', 240, 9, 65, '2018-06-05 14:48:23', '2018-06-05 14:48:23'),
(12, 'error', 'Laboriosam adipisci autem nisi. Voluptatem vitae qui architecto quisquam dolores in similique. Dolorem sit temporibus tempora quos recusandae eum ut voluptatem.', 406, 0, 48, '2018-06-05 14:48:23', '2018-06-05 14:48:23'),
(13, 'ipsam', 'Et est veniam omnis a nihil. Aut asperiores rerum rerum dolorem blanditiis. Blanditiis ratione molestiae magnam a.', 761, 7, 12, '2018-06-05 14:48:23', '2018-06-05 14:48:23'),
(14, 'veritatis', 'Adipisci occaecati ab qui laborum expedita ipsam cum. Rem non asperiores est aut accusantium nemo illum. Voluptatibus nemo aliquid repellat voluptatem quo fugit enim nisi. Nihil alias rerum dolores et. Ullam distinctio voluptatem culpa quam consequatur.', 423, 0, 65, '2018-06-05 14:48:23', '2018-06-05 14:48:23'),
(15, 'necessitatibus', 'Architecto et voluptatum alias impedit consequatur. Tempora ut adipisci nisi debitis autem.', 577, 2, 30, '2018-06-05 14:48:23', '2018-06-05 14:48:23'),
(16, 'excepturi', 'Inventore consequatur architecto corporis harum a voluptas. Repellendus tempora repudiandae voluptas maxime. Quo magnam qui necessitatibus accusantium est est voluptatem culpa.', 691, 5, 60, '2018-06-05 14:48:23', '2018-06-05 14:48:23'),
(17, 'deserunt', 'Assumenda labore ex doloribus ut error aliquam. Mollitia quas nobis doloremque et eos maiores. Enim sint saepe quia quae repudiandae. Autem voluptates enim maiores molestiae vel est labore. Facilis iste enim ex recusandae illo.', 524, 0, 25, '2018-06-05 14:48:23', '2018-06-05 14:48:23'),
(18, 'distinctio', 'Incidunt ab asperiores odio fugit eum eos. Ex cumque magnam voluptatem sit. Et ducimus voluptatem numquam. Eligendi cumque exercitationem atque.', 897, 3, 51, '2018-06-05 14:48:23', '2018-06-05 14:48:23'),
(19, 'veritatis', 'Vero facere rerum vel. Placeat commodi labore voluptatem esse. Perferendis dicta est quis magnam vel eos.', 728, 5, 50, '2018-06-05 14:48:23', '2018-06-05 14:48:23'),
(20, 'minima', 'Nulla consequuntur ut magnam dignissimos non aut excepturi. Ipsa aliquid qui consequatur optio minima nam repellendus. Quam omnis blanditiis labore dolor vero ea.', 624, 6, 14, '2018-06-05 14:48:23', '2018-06-05 14:48:23'),
(21, 'id', 'Earum animi impedit voluptatibus enim necessitatibus. Et sint consequuntur officia qui sunt veritatis nostrum. Et cumque sequi nulla et enim minima. Exercitationem quia sunt omnis ea eos alias.', 882, 0, 9, '2018-06-05 14:48:23', '2018-06-05 14:48:23'),
(22, 'dolor', 'Praesentium ut distinctio et qui veritatis. Et non occaecati aut et temporibus minima.', 427, 8, 66, '2018-06-05 14:48:23', '2018-06-05 14:48:23'),
(23, 'corrupti', 'Sunt laudantium quia illum voluptas aspernatur non. Tenetur consequuntur ut dolorem et. Totam libero amet voluptate molestias eos aliquid ab. Quisquam tempore dolor distinctio molestiae aut numquam.', 458, 0, 16, '2018-06-05 14:48:23', '2018-06-05 14:48:23'),
(24, 'qui', 'Aperiam aut expedita dicta et ut optio dicta. Pariatur accusamus consequatur autem alias. In est pariatur placeat doloremque maxime. Magnam officia voluptatem inventore praesentium illo amet hic.', 911, 1, 60, '2018-06-05 14:48:23', '2018-06-05 14:48:23'),
(25, 'natus', 'Perferendis nihil totam illum neque vel. Dolores possimus incidunt at et quisquam. Eos ducimus labore voluptates cupiditate et.', 664, 5, 22, '2018-06-05 14:48:23', '2018-06-05 14:48:23'),
(26, 'nulla', 'Expedita non nulla fuga perferendis sit saepe. Modi ipsum laudantium pariatur rerum. Occaecati possimus quia praesentium dolorem quia totam. Est ea ratione iste in.', 365, 6, 52, '2018-06-05 14:48:23', '2018-06-05 14:48:23'),
(27, 'ullam', 'Culpa molestiae ex modi omnis explicabo aut. Eligendi dolorum enim et sit possimus rerum possimus. Ducimus est provident vero nesciunt praesentium eius fuga.', 864, 4, 32, '2018-06-05 14:48:23', '2018-06-05 14:48:23'),
(28, 'exercitationem', 'Enim non provident laudantium velit error. Et amet voluptate adipisci aut. Voluptates iusto optio et magnam aut ipsam odio. Sapiente est repellendus et et et quas. Animi laboriosam pariatur ut consequatur earum.', 545, 4, 11, '2018-06-05 14:48:23', '2018-06-05 14:48:23'),
(29, 'rerum', 'Quidem sapiente cum ab consequuntur. Exercitationem sit ut est qui. Sit dolor praesentium et sunt.', 290, 5, 5, '2018-06-05 14:48:23', '2018-06-05 14:48:23'),
(30, 'exercitationem', 'Ipsum et quia consequuntur omnis praesentium tempora ullam. Accusantium ea harum laudantium assumenda blanditiis sapiente. Possimus ab architecto impedit et harum sit doloremque. Mollitia eum ea voluptatibus molestiae.', 642, 8, 66, '2018-06-05 14:48:23', '2018-06-05 14:48:23'),
(31, 'repudiandae', 'Similique eos optio dolorem sit odio. Aut excepturi recusandae beatae voluptates sint quasi sunt aut. Aspernatur dolores qui officiis nihil sunt voluptas. Animi ipsam hic aut reprehenderit.', 975, 4, 62, '2018-06-05 14:48:24', '2018-06-05 14:48:24'),
(32, 'pariatur', 'Qui fugit aut blanditiis earum iste. Odio repellat placeat ut dolorem. Praesentium omnis enim aut autem rerum sit laudantium quibusdam.', 186, 4, 62, '2018-06-05 14:48:24', '2018-06-05 14:48:24'),
(33, 'velit', 'Et velit optio corrupti consectetur. Deserunt labore voluptatem qui quia maxime. Unde quasi corporis minus magni possimus provident dolores.', 347, 1, 12, '2018-06-05 14:48:24', '2018-06-05 14:48:24'),
(34, 'aliquam', 'Quasi quo atque omnis unde eaque autem beatae ad. Quidem perspiciatis eligendi dolorem ut. Hic neque distinctio hic nam excepturi voluptas sed. Nemo et debitis amet vel aliquam voluptatem.', 168, 1, 12, '2018-06-05 14:48:24', '2018-06-05 14:48:24'),
(35, 'nisi', 'Perspiciatis voluptatem et quas quia hic. Aut in repellat non sit incidunt vero ut. Tempora et voluptas dolor nesciunt. Quos molestias laborum officia recusandae asperiores. Eius esse ipsam quia maiores rerum.', 382, 1, 30, '2018-06-05 14:48:24', '2018-06-05 14:48:24'),
(36, 'repudiandae', 'Nemo voluptates voluptatibus est et. Animi dolor rerum dolorem tempora. Totam consequatur explicabo eius in commodi.', 686, 0, 29, '2018-06-05 14:48:24', '2018-06-05 14:48:24'),
(37, 'harum', 'Rem ipsam animi voluptate et. Occaecati animi sunt expedita quod vel corrupti sed. Ipsum quos aut sit et nobis maiores.', 771, 0, 30, '2018-06-05 14:48:24', '2018-06-05 14:48:24'),
(38, 'non', 'Quos tempora odit ipsa cum necessitatibus dolorem iusto. Non voluptatem eum necessitatibus sit odio voluptates nobis. Et omnis sequi architecto ullam beatae sit. Deserunt sed sed corrupti exercitationem debitis aut quaerat.', 509, 3, 5, '2018-06-05 14:48:24', '2018-06-05 14:48:24'),
(39, 'porro', 'Doloremque cumque dignissimos ut nostrum aut. Sequi et nam ratione quis officia nulla. Aut quos quod eum debitis perferendis.', 354, 3, 44, '2018-06-05 14:48:24', '2018-06-05 14:48:24'),
(40, 'id', 'Porro ducimus quos id ducimus et. Et optio nulla magni eius tempore dolorem. At consequuntur tenetur qui autem et.', 175, 3, 33, '2018-06-05 14:48:24', '2018-06-05 14:48:24'),
(41, 'officia', 'Incidunt hic soluta cupiditate facere. Repellat eos soluta fugiat optio et voluptatum quibusdam. Est consequatur quae distinctio qui maxime.', 837, 3, 12, '2018-06-05 14:48:24', '2018-06-05 14:48:24'),
(42, 'illum', 'Enim voluptas ex atque rerum. Consequatur consequuntur doloribus molestiae est consequatur maxime neque. Ut qui fugit dolor non aut natus.', 645, 4, 20, '2018-06-05 14:48:24', '2018-06-05 14:48:24'),
(43, 'expedita', 'Et sint ratione rerum et libero est. Totam quisquam reiciendis quia et qui autem. Expedita totam est doloribus deserunt quo facere et.', 187, 7, 20, '2018-06-05 14:48:24', '2018-06-05 14:48:24'),
(44, 'sapiente', 'Et aut ut ut ut. Debitis repellat repudiandae explicabo laudantium non. Et explicabo maxime nam ad dolor sit consequatur. Modi aut modi porro dicta amet. Numquam quo est rerum sit placeat soluta.', 257, 6, 29, '2018-06-05 14:48:24', '2018-06-05 14:48:24'),
(45, 'modi', 'Dolores aut voluptas perferendis expedita temporibus. Consequuntur omnis quaerat dicta est. Neque odio maiores dolores voluptas aut quo.', 939, 1, 37, '2018-06-05 14:48:24', '2018-06-05 14:48:24'),
(46, 'nisi', 'Ut rerum rerum magnam quisquam error. Enim quae sint qui qui. Quis eveniet magni aliquam laboriosam.', 768, 5, 38, '2018-06-05 14:48:24', '2018-06-05 14:48:24'),
(47, 'qui', 'Pariatur ut assumenda non dolores tenetur minus ipsa. Similique nemo blanditiis quo repellat dolor. Sed quasi aut fuga nobis.', 303, 1, 17, '2018-06-05 14:48:24', '2018-06-05 14:48:24'),
(48, 'perferendis', 'Temporibus quas consequuntur perspiciatis. Pariatur minima tempora consectetur. Nihil non natus consequatur assumenda. Sed officia sequi beatae labore quam reprehenderit.', 633, 4, 70, '2018-06-05 14:48:24', '2018-06-05 14:48:24'),
(49, 'aut', 'Impedit repudiandae animi quia possimus dolore. Numquam minima aperiam nihil laborum exercitationem odio provident ullam.', 232, 9, 34, '2018-06-05 14:48:24', '2018-06-05 14:48:24'),
(50, 'quia', 'Id maiores ut sed eveniet commodi. Non iusto consectetur velit beatae rerum excepturi possimus. Et sed et inventore recusandae itaque esse earum. Esse qui consequatur quam autem dicta et.', 699, 9, 11, '2018-06-05 14:48:24', '2018-06-05 14:48:24');

-- --------------------------------------------------------

--
-- Table structure for table `reviews`
--

CREATE TABLE `reviews` (
  `id` int(10) UNSIGNED NOT NULL,
  `product_id` int(10) UNSIGNED NOT NULL,
  `customer` varchar(191) COLLATE utf8mb4_unicode_ci NOT NULL,
  `review` text COLLATE utf8mb4_unicode_ci NOT NULL,
  `star` int(11) NOT NULL,
  `created_at` timestamp NULL DEFAULT NULL,
  `updated_at` timestamp NULL DEFAULT NULL
) ENGINE=InnoDB DEFAULT CHARSET=utf8mb4 COLLATE=utf8mb4_unicode_ci;

--
-- Dumping data for table `reviews`
--

INSERT INTO `reviews` (`id`, `product_id`, `customer`, `review`, `star`, `created_at`, `updated_at`) VALUES
(1, 19, 'Rick Reinger', 'Fugit itaque fuga omnis aperiam expedita. Ipsam repellendus et est harum fuga velit et. Voluptas ipsum autem nesciunt recusandae. Quasi non ducimus blanditiis magnam.', 3, '2018-06-05 14:48:24', '2018-06-05 14:48:24'),
(2, 44, 'Louvenia Pfeffer PhD', 'Odio beatae odit consequatur autem. Quidem distinctio fugiat et veniam animi.', 2, '2018-06-05 14:48:24', '2018-06-05 14:48:24'),
(3, 36, 'Nash Gusikowski', 'Culpa numquam sunt quia. Voluptas sequi sit vitae in. Est rerum dolorum et iure.', 0, '2018-06-05 14:48:24', '2018-06-05 14:48:24'),
(4, 50, 'Carlee Bahringer', 'Nisi qui dignissimos ratione aut. Qui at ut placeat doloribus consequatur. Eum sint numquam temporibus unde sint nisi. Sed deserunt dolorem quia voluptates.', 4, '2018-06-05 14:48:24', '2018-06-05 14:48:24'),
(5, 4, 'Annalise Stamm', 'Sed debitis dolorem qui possimus eligendi quo. Et vero et labore temporibus. Animi nobis eum veritatis aliquam molestiae molestiae hic.', 1, '2018-06-05 14:48:24', '2018-06-05 14:48:24'),
(6, 19, 'Clifton Goyette', 'Aliquam aperiam est repellendus. Vitae voluptas quae ipsum doloribus quia pariatur dolores. Facere sunt porro laboriosam labore autem dolor quo. Sit sit quia ea suscipit doloremque.', 5, '2018-06-05 14:48:24', '2018-06-05 14:48:24'),
(7, 50, 'Ayden Schmeler IV', 'Aut omnis aut itaque saepe nobis. Omnis quam sapiente quo perspiciatis. Veniam saepe id deleniti. Soluta aut maiores temporibus optio repudiandae possimus.', 3, '2018-06-05 14:48:24', '2018-06-05 14:48:24'),
(8, 20, 'Alexandre Bernier', 'Saepe voluptate similique ad consequatur laudantium. Distinctio aut magni perspiciatis et quisquam quam est voluptatem. Harum sint voluptatibus architecto qui corrupti omnis nemo. Aut quidem hic et. Deleniti corrupti id ducimus rem impedit enim.', 4, '2018-06-05 14:48:24', '2018-06-05 14:48:24'),
(9, 43, 'Ms. Magdalena Osinski II', 'Repellendus id cum ullam qui consectetur corrupti. Quia quibusdam est cupiditate qui. Unde facere quia quisquam. Minima qui consequatur labore numquam voluptate.', 0, '2018-06-05 14:48:24', '2018-06-05 14:48:24'),
(10, 1, 'Nathanael Thompson', 'Architecto sed molestias ipsa dolores magni molestiae. Et vitae quia excepturi minima quo quis minus incidunt. Consequuntur velit consequatur minus eligendi dolor reiciendis impedit sapiente. Eius molestiae facere quidem nostrum tempore in.', 4, '2018-06-05 14:48:25', '2018-06-05 14:48:25'),
(11, 25, 'Miss Paula Pfeffer IV', 'Voluptas qui similique fugit blanditiis dicta necessitatibus quis nihil. Numquam corrupti aut eos id. Quis magnam blanditiis architecto et ipsa. Non alias qui sit soluta fugit non atque excepturi.', 5, '2018-06-05 14:48:25', '2018-06-05 14:48:25'),
(12, 18, 'Mrs. Oma Kozey II', 'Odit sed nobis dicta ipsam laborum. Quia veniam quo rem sit ex dolores et odio. Quod nobis sed est enim. Possimus ducimus est quo quia at rerum.', 4, '2018-06-05 14:48:25', '2018-06-05 14:48:25'),
(13, 34, 'Joe Shields', 'Voluptatum in molestiae omnis fuga et laboriosam. Sit doloremque voluptatem magni sint repudiandae et explicabo. Laboriosam et non excepturi numquam.', 5, '2018-06-05 14:48:25', '2018-06-05 14:48:25'),
(14, 21, 'Trudie Christiansen', 'Perferendis illum quas maxime et omnis consequatur. Et at inventore quis porro id. Dolore id minus quis deleniti. Nam occaecati voluptatem qui corporis.', 5, '2018-06-05 14:48:25', '2018-06-05 14:48:25'),
(15, 9, 'Kip Breitenberg', 'Nemo est dolorem nulla accusantium ut illum. Et voluptatem consequatur facilis aliquam est ipsa. Ea earum temporibus aspernatur. Accusantium nulla consectetur fugiat sit sit vel laborum.', 3, '2018-06-05 14:48:25', '2018-06-05 14:48:25'),
(16, 42, 'Randal King', 'Libero ea neque voluptatem et totam vel. Modi a nihil rerum. Voluptas officia qui voluptatem debitis ab.', 0, '2018-06-05 14:48:25', '2018-06-05 14:48:25'),
(17, 9, 'Mr. Carmel Conroy', 'Blanditiis qui repellendus voluptates amet voluptas amet incidunt. Qui ea reiciendis molestiae ut exercitationem. Veniam quas culpa nemo aut laboriosam culpa.', 5, '2018-06-05 14:48:25', '2018-06-05 14:48:25'),
(18, 7, 'Patrick Toy', 'Iste nam repudiandae laboriosam pariatur aut. Officia eum molestiae delectus sunt recusandae autem eius. Consectetur rem quod quisquam voluptas dolores quidem quisquam. Est illum officia iste consectetur magni qui voluptate eos.', 3, '2018-06-05 14:48:25', '2018-06-05 14:48:25'),
(19, 22, 'Miss Kaylah Mraz', 'Natus voluptas vel veniam architecto corporis quam. Ut et alias enim numquam quia sed. Et sunt et voluptatem officiis quidem.', 0, '2018-06-05 14:48:25', '2018-06-05 14:48:25'),
(20, 47, 'Edyth Orn', 'Iusto qui quam voluptate velit perspiciatis adipisci. Unde consequatur mollitia distinctio et possimus aut. Et officiis illo similique.', 2, '2018-06-05 14:48:25', '2018-06-05 14:48:25'),
(21, 18, 'Prof. Cleve Feest', 'Hic voluptas nobis deleniti minus et nihil. Voluptates hic molestiae tenetur sapiente repellendus qui hic. Facere et optio et.', 2, '2018-06-05 14:48:25', '2018-06-05 14:48:25'),
(22, 41, 'Carlotta Davis', 'Laboriosam velit animi ipsa aut facilis omnis. Consequatur in voluptatem velit dicta ea ut et in.', 3, '2018-06-05 14:48:25', '2018-06-05 14:48:25'),
(23, 11, 'Dr. Javier Schamberger Sr.', 'Recusandae quia aspernatur commodi dolorem. Consequatur voluptatem beatae magnam molestiae error. Et unde aut amet consectetur ullam. Aliquam et optio nihil blanditiis totam magnam.', 5, '2018-06-05 14:48:25', '2018-06-05 14:48:25'),
(24, 3, 'Gwendolyn Dach', 'Est officiis quam non fugit omnis dolore tenetur voluptatibus. Nisi dolorem mollitia nihil eos sed omnis veniam. Non qui tempore aliquam aut in est sapiente. Minus quia necessitatibus et.', 1, '2018-06-05 14:48:25', '2018-06-05 14:48:25'),
(25, 20, 'Emmanuel Gerlach', 'Libero amet debitis temporibus optio. Sapiente id reiciendis nihil non sed deleniti non maiores. Rerum et aliquid quas laborum ipsum est id.', 4, '2018-06-05 14:48:25', '2018-06-05 14:48:25'),
(26, 31, 'Mr. Adriel Cartwright', 'Totam aspernatur incidunt ut commodi aut veritatis nulla. Omnis officia omnis necessitatibus eaque sunt odit quaerat. Rerum temporibus voluptates unde illo.', 4, '2018-06-05 14:48:25', '2018-06-05 14:48:25'),
(27, 9, 'Verlie Grimes', 'Dolorem omnis eveniet voluptate consectetur rerum eaque ipsum. Odio omnis eligendi perferendis blanditiis odio et aut earum. Eaque nemo est soluta dolorem exercitationem quas incidunt. Corrupti voluptatem adipisci molestiae quo quasi sed suscipit.', 2, '2018-06-05 14:48:25', '2018-06-05 14:48:25'),
(28, 42, 'Dr. Willard Schaefer', 'Maiores deserunt dolores et nostrum veniam. Aut laudantium similique velit sed odit nulla aliquam voluptatum. Maxime in ut ducimus perferendis repellendus. Dolorem qui atque amet mollitia est amet.', 0, '2018-06-05 14:48:25', '2018-06-05 14:48:25'),
(29, 18, 'Yasmine Luettgen', 'Atque temporibus dolorum et in nostrum dolores. Aliquid enim dolor voluptas tempore consectetur aut. Molestias commodi sequi ad. Non quia quisquam et dolores.', 0, '2018-06-05 14:48:25', '2018-06-05 14:48:25'),
(30, 3, 'Kitty Aufderhar', 'Suscipit optio consequuntur velit omnis doloremque inventore libero voluptas. Explicabo animi et recusandae veritatis impedit odio quasi ex. Asperiores dolorem corporis est ut doloribus dolor.', 2, '2018-06-05 14:48:25', '2018-06-05 14:48:25'),
(31, 30, 'Phoebe O\'Keefe', 'Sapiente ea consectetur dicta corporis iusto aut maxime. Minima quas asperiores earum voluptatibus voluptates natus voluptate. Nesciunt et molestiae enim non cum et quae. Consectetur rerum dolores sed.', 1, '2018-06-05 14:48:25', '2018-06-05 14:48:25'),
(32, 16, 'Keely Dibbert', 'Alias et et vel perferendis. Saepe provident voluptas corporis molestias. Deleniti aut natus perspiciatis. Illo fugit laborum ipsum nobis soluta.', 0, '2018-06-05 14:48:25', '2018-06-05 14:48:25'),
(33, 19, 'Ms. Pasquale Kunze', 'Neque consequatur explicabo autem doloribus necessitatibus. Doloribus voluptatem omnis blanditiis ipsa repellendus reprehenderit aut adipisci. Aut iste dignissimos porro ipsum quos corrupti dolor. Dolor reprehenderit qui nihil sint.', 5, '2018-06-05 14:48:25', '2018-06-05 14:48:25'),
(34, 25, 'Prof. Dallas Nikolaus', 'Aut assumenda dolores eum error. Aliquam dignissimos voluptatem sint quibusdam ut. Sed similique et eligendi vel.', 1, '2018-06-05 14:48:25', '2018-06-05 14:48:25'),
(35, 50, 'Hailey Breitenberg', 'Dolor alias aut culpa explicabo incidunt sunt sapiente. Incidunt et sunt totam ducimus rem eaque. Libero voluptate maxime dignissimos ut tempora repellendus. Laboriosam possimus autem sit deleniti qui quaerat. Quae amet officia omnis.', 3, '2018-06-05 14:48:25', '2018-06-05 14:48:25'),
(36, 26, 'Rhianna Boyle', 'Repellendus veniam est deserunt consequatur dolores. Eius voluptas totam modi corrupti est id ab. Mollitia esse quia quam ut. Consequatur et ut iure sint optio quia omnis sunt.', 3, '2018-06-05 14:48:25', '2018-06-05 14:48:25'),
(37, 19, 'Izaiah Stiedemann II', 'Eveniet occaecati eum repellendus magnam. Ut assumenda nisi error dolores cupiditate. Qui nobis quasi est dolor dolore ut dolor. Eum accusantium similique itaque nesciunt.', 2, '2018-06-05 14:48:25', '2018-06-05 14:48:25'),
(38, 6, 'Ian Strosin', 'Consequuntur ab animi quidem est dolor. Laudantium ut ut aliquam.', 2, '2018-06-05 14:48:25', '2018-06-05 14:48:25'),
(39, 17, 'Eddie Gleichner Jr.', 'Quaerat harum harum hic eos at. Repudiandae nostrum sed facilis error illum harum et. Nesciunt voluptate voluptatem fugiat temporibus. Earum dolorem placeat temporibus culpa.', 4, '2018-06-05 14:48:25', '2018-06-05 14:48:25'),
(40, 40, 'Prof. Jennyfer Auer', 'Placeat dolorum voluptates sint. Aut dolor asperiores aliquid odio.', 3, '2018-06-05 14:48:25', '2018-06-05 14:48:25'),
(41, 47, 'Riley Runte', 'Rerum aut vel unde cumque veritatis. Cupiditate mollitia optio quo accusantium. Amet quis soluta dolorum. Deserunt aut porro voluptatem qui.', 2, '2018-06-05 14:48:25', '2018-06-05 14:48:25'),
(42, 41, 'Krystel Hoppe', 'Maxime autem blanditiis animi tempora ducimus. Fugiat dolor et et sit. Debitis est et nisi magni minus aspernatur ea. Ipsa et saepe doloribus nisi voluptas ipsam sunt. Corrupti explicabo nihil quidem fuga est.', 3, '2018-06-05 14:48:25', '2018-06-05 14:48:25'),
(43, 46, 'Willard Gerlach', 'Non omnis provident nemo fuga ut libero iusto eos. Maiores nihil et possimus ea expedita qui eos. Delectus voluptatibus enim quia reprehenderit dolores. Dolorem ut amet dolore repellendus omnis.', 1, '2018-06-05 14:48:25', '2018-06-05 14:48:25'),
(44, 22, 'Mr. Aaron Wilderman', 'Aliquam dolores perferendis aut doloremque commodi omnis sint. Animi inventore praesentium nulla sit. Consequatur ut iste molestiae et repudiandae. Dolore ad rerum sit temporibus.', 4, '2018-06-05 14:48:25', '2018-06-05 14:48:25'),
(45, 6, 'Ena Schroeder', 'Quia ipsam expedita iusto occaecati beatae et omnis. Doloribus voluptatem qui et quia qui debitis. Natus provident facilis ut consequuntur.', 3, '2018-06-05 14:48:25', '2018-06-05 14:48:25'),
(46, 29, 'David Ruecker MD', 'Voluptatem qui tenetur qui reprehenderit asperiores cumque veritatis quos. Et similique id est. Neque eum beatae repellendus fugiat aspernatur.', 1, '2018-06-05 14:48:25', '2018-06-05 14:48:25'),
(47, 3, 'Avis Reichert', 'Repudiandae iusto ut eum eius dolor amet. Qui et vitae repellat. Autem mollitia voluptatem ratione similique repellat. Quos non sit necessitatibus architecto aliquid asperiores culpa.', 0, '2018-06-05 14:48:25', '2018-06-05 14:48:25'),
(48, 30, 'Tyler Von', 'Molestiae et cupiditate distinctio consequatur sint. Et aliquam dolores ea magni aut nemo. Aperiam dolor nihil sapiente veritatis nam eius nisi. Cumque minus sit perferendis soluta dolores. Quidem dolorum voluptatem odit quod soluta eos ut.', 1, '2018-06-05 14:48:25', '2018-06-05 14:48:25'),
(49, 50, 'Mr. Jacinto VonRueden IV', 'Quidem ea quia laudantium fuga. Saepe quos reprehenderit reiciendis voluptates ea. Suscipit aut vitae in ab perspiciatis. Aut eos doloribus fugit voluptatum.', 4, '2018-06-05 14:48:25', '2018-06-05 14:48:25'),
(50, 27, 'Clovis Thiel', 'Odio adipisci eveniet aliquam doloremque vel officiis. Repudiandae aut qui non sequi repellat. Ullam aperiam animi libero nihil est. Distinctio deleniti occaecati ut ipsum nihil similique officia.', 0, '2018-06-05 14:48:25', '2018-06-05 14:48:25'),
(51, 42, 'Silas O\'Hara V', 'Modi nobis fuga rerum qui. Ipsa voluptatem deleniti a consequatur unde perspiciatis quidem.', 0, '2018-06-05 14:48:25', '2018-06-05 14:48:25'),
(52, 22, 'Morgan Mann V', 'Aliquam vel vero molestiae. Eum rerum ipsam atque exercitationem omnis. Optio animi labore voluptatibus id qui consequatur.', 0, '2018-06-05 14:48:25', '2018-06-05 14:48:25'),
(53, 17, 'Prof. Cecilia Medhurst', 'Aut dolorem rerum officia consequatur aspernatur pariatur totam. Exercitationem voluptate rerum ipsam repellat id odio necessitatibus dolorum. Consequatur ut ut consequatur saepe porro rerum fuga.', 4, '2018-06-05 14:48:25', '2018-06-05 14:48:25'),
(54, 13, 'Kaitlin Reichel', 'Dolorem deserunt veniam numquam commodi sunt vel quia. Ut iusto ea consectetur asperiores perspiciatis. Et et labore voluptas.', 5, '2018-06-05 14:48:25', '2018-06-05 14:48:25'),
(55, 16, 'Dawson Haley', 'Sit voluptatem quos voluptates et soluta delectus eveniet. Reprehenderit iusto voluptates numquam dignissimos. Eos consequatur dolorum laudantium veritatis doloribus qui. Repudiandae delectus sunt aut soluta et consequatur nulla est.', 3, '2018-06-05 14:48:25', '2018-06-05 14:48:25'),
(56, 33, 'Augustus Quitzon', 'Cum tempora magni ut et. Nesciunt fuga velit eveniet perferendis qui non est suscipit. Autem et natus perferendis saepe nisi. Omnis omnis cupiditate culpa.', 3, '2018-06-05 14:48:25', '2018-06-05 14:48:25'),
(57, 35, 'Lloyd West', 'Est incidunt exercitationem maxime officia debitis optio soluta. Ut corrupti est eum. Vel perferendis in unde illo autem optio.', 3, '2018-06-05 14:48:26', '2018-06-05 14:48:26'),
(58, 36, 'Ali Dicki', 'Excepturi deserunt soluta culpa nam nobis incidunt nemo. Ut exercitationem est illo voluptatem. Consequatur qui odio ut aut dolore. Sed ducimus quis voluptatem voluptates. Est ut ad ipsum qui delectus quos omnis.', 4, '2018-06-05 14:48:26', '2018-06-05 14:48:26'),
(59, 21, 'Ernestina Dickinson', 'Qui consequuntur eum fugit aut a quasi. Esse repellendus sed nostrum amet. Inventore molestiae optio ut voluptatibus error dolorem.', 4, '2018-06-05 14:48:26', '2018-06-05 14:48:26'),
(60, 42, 'Edison McDermott', 'In ducimus est soluta rerum dolor. Dignissimos voluptas ad excepturi dolor. Sit tempora inventore voluptate necessitatibus soluta.', 2, '2018-06-05 14:48:26', '2018-06-05 14:48:26'),
(61, 44, 'Aniya Armstrong', 'Minima laborum ea voluptas inventore laborum quis. Et aut assumenda fuga accusantium tenetur non voluptatibus. Praesentium est voluptatem totam et eius.', 1, '2018-06-05 14:48:26', '2018-06-05 14:48:26'),
(62, 3, 'Prof. Nickolas Harris MD', 'Sit ad impedit facilis. Quia et nostrum molestiae et perspiciatis amet harum. Itaque corporis quia et. Nihil qui consequuntur qui iure similique odio.', 4, '2018-06-05 14:48:26', '2018-06-05 14:48:26'),
(63, 38, 'Mrs. Evalyn Rodriguez MD', 'Praesentium doloremque accusamus est expedita. Mollitia tenetur quis et. Quos quaerat eaque autem dolores rerum.', 1, '2018-06-05 14:48:26', '2018-06-05 14:48:26'),
(64, 15, 'Leonor Mueller', 'Sit odio nam aut aliquam possimus quis voluptatem rem. Laboriosam eveniet porro omnis magnam eaque consequuntur. Eos nemo debitis voluptatem in eveniet ullam laborum.', 0, '2018-06-05 14:48:26', '2018-06-05 14:48:26'),
(65, 38, 'Tess O\'Kon Jr.', 'Minus quisquam distinctio at. Non consequuntur repellat minima consequuntur placeat corrupti aspernatur. Asperiores non illo et id non.', 1, '2018-06-05 14:48:26', '2018-06-05 14:48:26'),
(66, 37, 'Morgan Raynor DVM', 'Autem deleniti natus officiis eveniet. Similique omnis voluptatibus quam praesentium vitae amet sit.', 1, '2018-06-05 14:48:26', '2018-06-05 14:48:26'),
(67, 5, 'Haleigh Ankunding', 'Quas nemo earum excepturi omnis sunt temporibus aut quia. Optio est voluptas voluptatem repellat at. Laborum numquam ipsum qui placeat ut quisquam. Repellat impedit dolore doloremque omnis unde voluptatem corporis.', 2, '2018-06-05 14:48:26', '2018-06-05 14:48:26'),
(68, 44, 'Dr. Austin Daugherty II', 'Dolor ipsum sunt qui ipsam. Sed perspiciatis provident beatae possimus tempora laboriosam accusamus. Sed sed ducimus perferendis amet.', 4, '2018-06-05 14:48:26', '2018-06-05 14:48:26'),
(69, 8, 'Emil Blanda', 'Expedita eaque sed labore quis expedita. Suscipit adipisci et vel repellendus. Quae quos magni quam libero. Facilis est occaecati dolor eum sunt. Dignissimos quibusdam et labore consequatur quidem.', 1, '2018-06-05 14:48:26', '2018-06-05 14:48:26'),
(70, 41, 'Lisandro Powlowski', 'Facilis sunt ut aliquam aut ipsum est tempore in. Non nihil ut sint magnam occaecati ut deleniti quis. Eligendi est expedita minus quia ut. Repellendus non dignissimos et officia beatae sit.', 3, '2018-06-05 14:48:26', '2018-06-05 14:48:26'),
(71, 37, 'Ms. Yolanda Doyle V', 'Modi cupiditate saepe alias earum qui ut. Vitae inventore aut nam dignissimos voluptatem impedit unde. Cumque magni molestiae quia illo eius.', 0, '2018-06-05 14:48:26', '2018-06-05 14:48:26'),
(72, 41, 'Alex Johnston', 'Suscipit praesentium perferendis voluptate accusamus repellendus eius. Inventore dolorem rem porro et sint nesciunt impedit. Vitae optio aperiam quo odio quidem ea ipsum et. Ea sed voluptas voluptates temporibus.', 3, '2018-06-05 14:48:26', '2018-06-05 14:48:26'),
(73, 24, 'Johan Marks III', 'Natus labore nam odio voluptatem sunt aut corrupti. Quam beatae dolorem eaque aspernatur possimus praesentium excepturi. Quo doloribus atque culpa nam temporibus.', 3, '2018-06-05 14:48:26', '2018-06-05 14:48:26'),
(74, 2, 'Jackson Dooley', 'Exercitationem est sunt error alias error voluptate nihil. Error ducimus corrupti et quos quia commodi sunt. Neque animi ut ut corrupti. Ipsum et laboriosam vel veniam ut ut odit.', 1, '2018-06-05 14:48:26', '2018-06-05 14:48:26'),
(75, 8, 'Prof. Kiel Keeling PhD', 'Unde est itaque culpa illo aut itaque numquam fugiat. Sint sit ut odio eaque quo. Officia laudantium vel esse saepe velit. Nostrum vel enim recusandae dolores delectus ut dolor. Non est eveniet incidunt omnis consectetur nihil beatae.', 4, '2018-06-05 14:48:26', '2018-06-05 14:48:26'),
(76, 10, 'Jasmin O\'Connell', 'Laboriosam eius praesentium laudantium enim ipsum rerum. Voluptas quis consequatur nemo blanditiis qui. Necessitatibus aut ipsa expedita. Soluta rem maxime dolorem vel aut cumque ut ipsa.', 3, '2018-06-05 14:48:26', '2018-06-05 14:48:26'),
(77, 38, 'Scarlett Rodriguez', 'Voluptatem recusandae rem consequatur et ratione deserunt molestiae non. Doloremque eius vel fugit. Atque ullam porro consectetur consequatur officiis.', 1, '2018-06-05 14:48:26', '2018-06-05 14:48:26'),
(78, 17, 'Foster Roberts V', 'Sint consequatur rerum voluptate ut. Eligendi in officiis inventore magnam aut. Blanditiis sint voluptas illo iusto sunt. Similique culpa perferendis blanditiis occaecati et repudiandae et.', 1, '2018-06-05 14:48:26', '2018-06-05 14:48:26'),
(79, 30, 'Neha O\'Connell DVM', 'Tenetur sequi qui id atque inventore eius occaecati. Et voluptatibus consequuntur dolorem. Architecto sunt accusamus aliquam cumque id voluptatum omnis et.', 1, '2018-06-05 14:48:26', '2018-06-05 14:48:26'),
(80, 17, 'Adella Ruecker', 'Beatae veritatis enim aliquam. Assumenda nemo voluptas delectus non eum omnis. Eos consequatur doloremque distinctio dolorem voluptatibus.', 2, '2018-06-05 14:48:26', '2018-06-05 14:48:26'),
(81, 11, 'Lelah Willms V', 'In ex perspiciatis voluptates sit blanditiis aperiam beatae. Aliquid laboriosam minima ut et cum modi et. Nulla optio qui laboriosam magnam velit voluptatem quos.', 2, '2018-06-05 14:48:26', '2018-06-05 14:48:26'),
(82, 36, 'Dagmar Johnson', 'Blanditiis dolores sequi aut iure numquam dolorem. Molestiae consequatur perspiciatis repudiandae quidem. Omnis itaque corporis libero praesentium quasi. Ea consequatur laboriosam repudiandae cumque molestiae quis.', 4, '2018-06-05 14:48:26', '2018-06-05 14:48:26'),
(83, 9, 'Ivory McDermott', 'Exercitationem est nobis reiciendis quisquam. Dolorem sit laboriosam perspiciatis voluptatem cupiditate dolores accusantium. Soluta dolor et iste dolor sint natus. Aut repellendus eaque quia voluptas eum. Aut voluptatem vel et perspiciatis suscipit molestiae.', 2, '2018-06-05 14:48:26', '2018-06-05 14:48:26'),
(84, 43, 'Mr. Darren Altenwerth PhD', 'Sint et labore autem corporis. Fugiat et voluptatem optio alias saepe voluptate dolorem sed. Fugiat dolores aliquid necessitatibus enim neque. Enim alias rerum cumque eos.', 3, '2018-06-05 14:48:26', '2018-06-05 14:48:26'),
(85, 30, 'Delia Becker', 'Voluptas corrupti saepe velit minus et veniam inventore. Fugit modi fugiat totam aliquid inventore. Omnis blanditiis aspernatur voluptatem excepturi aut esse. Inventore delectus commodi sed.', 0, '2018-06-05 14:48:26', '2018-06-05 14:48:26'),
(86, 41, 'Kareem Upton', 'Blanditiis nam et qui voluptatum ratione. Et aut quibusdam a ut. Sed omnis nostrum rem id quia officia.', 0, '2018-06-05 14:48:26', '2018-06-05 14:48:26'),
(87, 13, 'Nicholas Padberg', 'Ut repellendus doloremque sit et nobis. Illum enim voluptas rerum officiis. Repudiandae excepturi corporis et alias consequatur.', 1, '2018-06-05 14:48:26', '2018-06-05 14:48:26'),
(88, 45, 'Prof. Amani Metz V', 'Natus autem iusto optio rerum dolorem deserunt. Sit voluptatum harum et excepturi praesentium et. Recusandae quo quia corrupti asperiores eos ut nisi. Ex sed quia ipsum deleniti.', 2, '2018-06-05 14:48:26', '2018-06-05 14:48:26'),
(89, 37, 'Kale Johnston', 'Aut sapiente ut soluta dolores tempore cupiditate. Odio rerum quia sequi laudantium quo mollitia nihil. Est soluta tempora maiores temporibus consequatur optio dolore. Consequatur ut nihil molestiae voluptas.', 2, '2018-06-05 14:48:26', '2018-06-05 14:48:26'),
(90, 23, 'Mrs. Alyson Watsica III', 'Natus itaque voluptatibus minima consequuntur. Aut eius temporibus itaque nulla deserunt laudantium numquam.', 0, '2018-06-05 14:48:26', '2018-06-05 14:48:26'),
(91, 43, 'Laury King', 'Ad mollitia quo expedita dolores recusandae veniam. Et impedit voluptas in error nulla aliquid. Assumenda laborum quisquam laudantium sunt. Et officia ut nisi molestiae cum nesciunt perspiciatis.', 3, '2018-06-05 14:48:26', '2018-06-05 14:48:26'),
(92, 49, 'Lester Daugherty', 'Porro ullam blanditiis vitae tenetur. Dolore voluptatem rem ad modi repellat delectus quo numquam. Itaque aliquam omnis quia eum et. Natus consectetur voluptatem soluta quisquam est est.', 1, '2018-06-05 14:48:26', '2018-06-05 14:48:26'),
(93, 38, 'Toney Rolfson Sr.', 'Impedit odit asperiores ipsum similique in. Officia aut est ut earum perspiciatis quis. Minus sint unde omnis. Fugit voluptatum omnis quidem alias.', 5, '2018-06-05 14:48:26', '2018-06-05 14:48:26'),
(94, 44, 'Arjun Cartwright', 'Nam necessitatibus voluptate molestias facere molestiae nulla. Neque ut qui officia doloribus perspiciatis eveniet corrupti. Omnis voluptatem natus quia eum.', 4, '2018-06-05 14:48:26', '2018-06-05 14:48:26'),
(95, 20, 'Una Prosacco', 'Tempore dicta illum quos veritatis laboriosam et itaque. Repudiandae ducimus culpa nulla et nam. Consequatur earum dolores repellendus culpa ipsum blanditiis quas. Quod similique esse earum consequatur qui et voluptatem sed.', 3, '2018-06-05 14:48:26', '2018-06-05 14:48:26'),
(96, 44, 'Della Rau', 'Natus voluptatibus consequatur laborum cum. Maxime dolorem saepe asperiores minus odit sint dolorum. Qui et optio incidunt error. Quasi doloribus eum odit autem minima nesciunt a rem. Reprehenderit quasi quo esse et praesentium.', 4, '2018-06-05 14:48:26', '2018-06-05 14:48:26'),
(97, 40, 'Prof. Sage Dooley', 'Qui eveniet quos explicabo suscipit debitis modi temporibus qui. Et enim non unde vero quia. Accusantium mollitia facilis vero exercitationem dolorem voluptas. Nisi iusto veniam voluptas deserunt delectus ipsum sed.', 4, '2018-06-05 14:48:26', '2018-06-05 14:48:26'),
(98, 46, 'Nicholas Robel', 'Amet delectus deleniti fuga facilis nihil. Ut accusantium praesentium qui ad. Qui deleniti quibusdam eum voluptas dolorem et optio. Voluptatem veniam minima ut tempore voluptatem.', 2, '2018-06-05 14:48:26', '2018-06-05 14:48:26'),
(99, 20, 'Mrs. Sasha Heaney DDS', 'Cumque nihil enim et quam. Enim nihil aut voluptatem praesentium odio et sunt. Numquam quibusdam repellat veniam magni ratione.', 5, '2018-06-05 14:48:26', '2018-06-05 14:48:26'),
(100, 8, 'Aliya Fay II', 'Quibusdam error rem et ipsa laudantium adipisci placeat. Nobis est vel cum sit in tempore. Autem voluptas sit repellendus sed delectus autem voluptate. Enim provident fugiat sit ipsum aut molestiae magni.', 2, '2018-06-05 14:48:26', '2018-06-05 14:48:26'),
(101, 13, 'Geraldine Bode', 'Dignissimos nihil accusamus molestiae debitis rem distinctio inventore. Eveniet voluptatem et dignissimos officia sed numquam maxime. Aut laborum non exercitationem sit deleniti quis dolorum. Iure suscipit dolores asperiores commodi enim eos.', 4, '2018-06-05 14:48:26', '2018-06-05 14:48:26'),
(102, 21, 'Junior Oberbrunner V', 'Voluptatem laudantium sunt quam expedita nobis totam ut. Ducimus illo distinctio non et dolor aut. Deserunt deserunt vel voluptatem iste.', 0, '2018-06-05 14:48:26', '2018-06-05 14:48:26'),
(103, 41, 'Freeda Welch MD', 'Nemo voluptatem expedita quia ad. Ipsum inventore placeat atque consequuntur enim. Earum consectetur earum quod porro aspernatur aut dolores. Et cumque alias distinctio et illo ipsa inventore.', 5, '2018-06-05 14:48:27', '2018-06-05 14:48:27'),
(104, 10, 'Florencio Torphy', 'Praesentium nihil qui qui. Asperiores incidunt esse repudiandae laborum eveniet repellat impedit. Modi explicabo id eaque qui a quam velit.', 1, '2018-06-05 14:48:27', '2018-06-05 14:48:27'),
(105, 6, 'Mr. Jaylon Erdman DDS', 'Maiores impedit provident beatae a hic earum quam. Non possimus officia numquam. Laudantium harum earum nisi possimus nam.', 4, '2018-06-05 14:48:27', '2018-06-05 14:48:27'),
(106, 18, 'Janis Schaefer', 'Voluptatum eos voluptas distinctio libero id magni ex. Molestiae quasi est recusandae qui laboriosam quis culpa. Ab id fugit nobis et facilis. Ipsum aut corrupti labore rem et officiis repellat possimus.', 0, '2018-06-05 14:48:27', '2018-06-05 14:48:27'),
(107, 21, 'Dr. Urban Mayer', 'Unde deleniti est porro voluptatem impedit eum omnis. Aut quas dolore nemo blanditiis architecto. Recusandae optio tempore blanditiis qui.', 1, '2018-06-05 14:48:27', '2018-06-05 14:48:27'),
(108, 45, 'Ida Metz', 'Natus quas ipsam natus est blanditiis molestiae tempore. Sit dolorum a deserunt fugiat consectetur in consequatur.', 3, '2018-06-05 14:48:27', '2018-06-05 14:48:27'),
(109, 21, 'Prof. Adrian Osinski', 'Doloribus reprehenderit laudantium quasi voluptatem reiciendis cupiditate eligendi. Magni nihil qui est neque similique fuga ut. Et et eligendi et sunt magnam similique laudantium est.', 5, '2018-06-05 14:48:27', '2018-06-05 14:48:27'),
(110, 1, 'Helena Effertz V', 'Et quod est quas expedita sint. Numquam culpa odio eligendi nemo consequatur. Et culpa ut deleniti qui quae quas.', 1, '2018-06-05 14:48:27', '2018-06-05 14:48:27'),
(111, 41, 'Jany Watsica', 'Placeat odio et magni sit ex quis. Atque nemo qui mollitia non dolores doloremque.', 0, '2018-06-05 14:48:27', '2018-06-05 14:48:27'),
(112, 49, 'Adelbert Bednar Sr.', 'Quia ipsam totam repudiandae error consequuntur beatae et. Inventore et quia possimus sint hic vel. Alias atque occaecati voluptas ut. Rerum perferendis voluptas placeat aut odit ut voluptatem.', 1, '2018-06-05 14:48:27', '2018-06-05 14:48:27'),
(113, 9, 'Ms. Annalise Schuster', 'Et id odit nesciunt. Error minima consequatur enim quam. Et eos libero illo quia. Facere maiores quo quia.', 4, '2018-06-05 14:48:27', '2018-06-05 14:48:27'),
(114, 35, 'Ms. Adella Russel DDS', 'Ducimus quod architecto facilis sed qui praesentium. Aliquid sit quibusdam cumque quia. Enim earum itaque consequatur provident quia.', 5, '2018-06-05 14:48:27', '2018-06-05 14:48:27'),
(115, 50, 'Otho Rolfson V', 'Temporibus harum omnis aperiam optio. Ipsum vitae facere iusto consequuntur recusandae. Iure neque laudantium quam molestiae rem voluptates.', 4, '2018-06-05 14:48:27', '2018-06-05 14:48:27'),
(116, 4, 'Dr. Daniela Corwin Jr.', 'Animi qui ipsa culpa est neque. Numquam delectus reprehenderit repellendus asperiores error non. Repudiandae magnam occaecati consequatur vitae commodi ut neque.', 5, '2018-06-05 14:48:27', '2018-06-05 14:48:27'),
(117, 16, 'Tyra Sipes DDS', 'Quibusdam est nesciunt voluptatibus mollitia error rerum atque. Et facilis officia corrupti similique. Doloremque voluptatem soluta voluptatem sunt quam magnam. Eius sapiente incidunt sed tempora consequuntur temporibus ex.', 5, '2018-06-05 14:48:27', '2018-06-05 14:48:27'),
(118, 28, 'Mrs. Jennie Schiller Jr.', 'Ea qui est eum laudantium doloribus deserunt dolorum ducimus. Reiciendis vero vel minima rerum accusantium doloribus. Consequatur nisi quam repudiandae ea.', 1, '2018-06-05 14:48:27', '2018-06-05 14:48:27'),
(119, 21, 'Dewayne Rutherford', 'Totam amet eveniet deserunt accusantium et. Et ipsum eveniet ex ipsam vel. Reiciendis maiores a vel labore ex. Molestiae quia aut aut amet maiores.', 1, '2018-06-05 14:48:27', '2018-06-05 14:48:27'),
(120, 41, 'Prof. Cole Will', 'Ipsum et reiciendis autem aliquid quibusdam ex optio. Earum dolor est cupiditate expedita omnis aspernatur vero autem. Aut repudiandae similique sint incidunt recusandae officia. Autem sint harum et dolores.', 3, '2018-06-05 14:48:27', '2018-06-05 14:48:27'),
(121, 35, 'Dedric Weissnat', 'Placeat esse error magnam. Et quia sunt voluptate earum. Iusto molestiae tempora laudantium inventore eos est.', 3, '2018-06-05 14:48:27', '2018-06-05 14:48:27'),
(122, 4, 'Breana Beahan', 'Sequi ratione veritatis omnis dicta voluptas iusto. Quibusdam vel esse ex repudiandae. Sed rerum corporis numquam alias ullam. Atque cupiditate totam corrupti culpa ut.', 3, '2018-06-05 14:48:27', '2018-06-05 14:48:27'),
(123, 10, 'Forest Grant', 'Rem ducimus sed laboriosam sit rem saepe nisi. Perferendis omnis quo a. Eos explicabo dolores in.', 1, '2018-06-05 14:48:27', '2018-06-05 14:48:27'),
(124, 12, 'Albina Hane', 'Quia nulla odit occaecati consequatur sint accusamus. Voluptas voluptas et ipsum qui dicta esse. Est aliquam molestias quidem consequatur.', 0, '2018-06-05 14:48:27', '2018-06-05 14:48:27'),
(125, 13, 'Prof. Ruth Daniel', 'Expedita ab dolore totam deserunt delectus. Necessitatibus debitis aspernatur perferendis sit nemo alias ut. Quo corporis perspiciatis nesciunt deleniti. Maxime id laudantium omnis iure id debitis.', 4, '2018-06-05 14:48:27', '2018-06-05 14:48:27'),
(126, 29, 'Prof. Jennifer VonRueden', 'Iusto quia quia nam dignissimos quam consequuntur. Modi impedit voluptatem quo rerum. A itaque eaque labore consectetur. Autem aut provident libero.', 1, '2018-06-05 14:48:27', '2018-06-05 14:48:27'),
(127, 2, 'Ms. Eliza Beier Sr.', 'Eum facere optio et. Culpa praesentium vitae sed provident. Sapiente corporis voluptatibus qui tempore autem excepturi error. Velit dolores vero illum quas impedit.', 5, '2018-06-05 14:48:27', '2018-06-05 14:48:27'),
(128, 17, 'Elias Mayert', 'Pariatur voluptatem quas rerum odio similique ipsum. Commodi quas accusantium et enim rem. Alias sed id magnam quibusdam.', 4, '2018-06-05 14:48:27', '2018-06-05 14:48:27'),
(129, 21, 'Mr. Kody Corwin Sr.', 'Qui consequatur aperiam quia adipisci enim eos. Placeat minima qui alias et quae suscipit illo. Labore voluptate occaecati sit natus recusandae. Qui illo et sint recusandae aut.', 2, '2018-06-05 14:48:27', '2018-06-05 14:48:27'),
(130, 35, 'Maddison VonRueden', 'Alias velit et sit et eius ex temporibus. Distinctio qui impedit quo voluptate. Fugiat error ab consequatur qui minima et odio.', 0, '2018-06-05 14:48:27', '2018-06-05 14:48:27'),
(131, 32, 'Ms. Aniya Hills IV', 'Enim illum commodi voluptas. Velit quo at quos consequuntur reiciendis eaque. Ducimus placeat molestiae necessitatibus et nesciunt.', 5, '2018-06-05 14:48:27', '2018-06-05 14:48:27'),
(132, 37, 'Hortense Bins', 'Dolorem magni dolor eum minus voluptatem et. Iure nostrum nam quis qui quos incidunt. Blanditiis inventore reiciendis nisi recusandae voluptates et deserunt. Ex cupiditate autem sint qui nesciunt qui.', 4, '2018-06-05 14:48:27', '2018-06-05 14:48:27'),
(133, 34, 'Prof. Thurman Green DDS', 'In reprehenderit hic ipsam ea consequatur sunt magnam nisi. Voluptas voluptatum et eos quos delectus. Et eos voluptas qui vero velit est pariatur. Voluptatem rerum aut doloremque temporibus qui.', 4, '2018-06-05 14:48:27', '2018-06-05 14:48:27'),
(134, 32, 'Teresa Bernier', 'Accusantium aspernatur maxime eveniet odio voluptas veritatis et. Placeat est ut et at. Esse est voluptatem omnis incidunt. Voluptate omnis alias adipisci illo blanditiis dignissimos quaerat quam.', 2, '2018-06-05 14:48:27', '2018-06-05 14:48:27'),
(135, 29, 'Bulah Rempel', 'Officia perferendis quod totam explicabo. In neque aut reiciendis et omnis incidunt et. Et aut enim et necessitatibus. Ipsam odit eligendi modi blanditiis odio nemo et. Veritatis possimus aut quae qui adipisci eos enim.', 1, '2018-06-05 14:48:27', '2018-06-05 14:48:27'),
(136, 49, 'Esmeralda Gusikowski', 'Unde accusamus adipisci atque voluptatibus. Quod eos voluptatibus et libero reprehenderit. Ut earum sint consequatur eveniet est.', 5, '2018-06-05 14:48:28', '2018-06-05 14:48:28'),
(137, 27, 'Lavonne Murphy IV', 'Veritatis ea et est soluta. Ut a corrupti id earum officia quo quis. Expedita quia officiis hic.', 2, '2018-06-05 14:48:28', '2018-06-05 14:48:28'),
(138, 35, 'Art Klocko III', 'Et error et rerum voluptatem veritatis. Omnis quam in quia vero. Tempora porro consectetur incidunt ut excepturi.', 1, '2018-06-05 14:48:28', '2018-06-05 14:48:28'),
(139, 45, 'Mrs. Taryn Moen III', 'Unde libero quis nihil et ut qui distinctio est. Dolor voluptas quo labore voluptatem et. Sit omnis ipsum vel vero dolor. Qui iste maiores deserunt earum id impedit unde.', 5, '2018-06-05 14:48:28', '2018-06-05 14:48:28'),
(140, 24, 'Mrs. Eudora Wolff', 'Dolore odit nesciunt magnam. Hic ducimus et optio rem nostrum recusandae sint. In nisi blanditiis quaerat tempora voluptatibus sapiente. Corrupti dolores odit voluptas iusto odio et doloremque.', 5, '2018-06-05 14:48:28', '2018-06-05 14:48:28'),
(141, 41, 'Adah Kutch', 'Eos tenetur dignissimos ex maiores est veritatis. Aliquid sed et quia dicta et.', 0, '2018-06-05 14:48:28', '2018-06-05 14:48:28'),
(142, 16, 'Mr. Albin Gleichner', 'Explicabo corrupti enim omnis magnam et quis deleniti. Et et delectus eaque dolorem.', 5, '2018-06-05 14:48:28', '2018-06-05 14:48:28'),
(143, 45, 'Tatum Larkin', 'Ullam magni ut distinctio qui. Velit expedita similique est placeat sit quia unde. Eius consequatur voluptatibus animi sed magnam.', 0, '2018-06-05 14:48:28', '2018-06-05 14:48:28'),
(144, 18, 'Duane Jaskolski DVM', 'Voluptatem itaque nobis assumenda maxime qui. Cumque quisquam ex et reiciendis impedit. Tempora et nihil eos nihil recusandae non aut.', 4, '2018-06-05 14:48:28', '2018-06-05 14:48:28'),
(145, 47, 'Cleora Lebsack', 'Porro dolorem quis consequuntur occaecati magni aliquam nemo id. Repellendus magni dolor sunt doloremque. Et libero iusto omnis voluptas ut.', 0, '2018-06-05 14:48:28', '2018-06-05 14:48:28'),
(146, 25, 'Prof. Lura Adams DDS', 'Sed voluptas molestias vel. Voluptatum laborum facere officiis possimus odio est id. Est porro quibusdam culpa qui fugiat. Dicta voluptatibus totam expedita minima et aut autem.', 1, '2018-06-05 14:48:28', '2018-06-05 14:48:28'),
(147, 20, 'Willa Hegmann', 'Dolores similique corporis repellendus nesciunt reiciendis sint aspernatur. Velit nam molestiae voluptatem sit velit. Eum sapiente sed rerum dolorum itaque veniam. Adipisci dolore asperiores doloremque eos quis.', 1, '2018-06-05 14:48:28', '2018-06-05 14:48:28'),
(148, 7, 'Mr. Arthur Waelchi', 'Quas eligendi deleniti temporibus ut dolore. Aperiam sequi assumenda optio dignissimos ab quo. Omnis autem consectetur voluptatibus ducimus. Illum impedit autem officia consequatur unde molestiae incidunt rem. Dolore qui velit voluptatem culpa consequatur vero illum.', 2, '2018-06-05 14:48:28', '2018-06-05 14:48:28'),
(149, 47, 'Kyle Runolfsson', 'Quos nesciunt et nulla ex magnam voluptates debitis. Cumque fugiat voluptatibus sed omnis exercitationem. Eos consequuntur repudiandae eligendi maiores cumque. Ipsa maiores voluptatem et deleniti porro rem.', 1, '2018-06-05 14:48:28', '2018-06-05 14:48:28'),
(150, 30, 'Colton Wuckert', 'Asperiores aspernatur et voluptas nostrum velit ex nulla. Consectetur laudantium dolores unde aliquid. Mollitia nam qui impedit libero asperiores repellendus.', 2, '2018-06-05 14:48:28', '2018-06-05 14:48:28'),
(151, 5, 'Mr. Garrett Schamberger V', 'Consectetur qui numquam ut tenetur quidem aut. Velit iure dolore accusamus ea eum voluptatem at dolore. Libero officiis temporibus consequatur aut eaque iusto.', 4, '2018-06-05 14:48:28', '2018-06-05 14:48:28'),
(152, 38, 'Mrs. Ashley Stracke', 'Eum maiores asperiores atque aut ut et. Qui sunt earum repellat voluptas. Aut voluptatem fuga consectetur ut. Recusandae ea cumque et qui eum est.', 3, '2018-06-05 14:48:28', '2018-06-05 14:48:28'),
(153, 31, 'Orlo McGlynn II', 'Qui vitae ea fuga. Nostrum qui dolor fugiat fugiat ab libero qui. Ea sit aut in ut.', 4, '2018-06-05 14:48:28', '2018-06-05 14:48:28'),
(154, 4, 'Kayla Swift', 'Distinctio culpa sunt ea et similique. Blanditiis a ad voluptatem dolorum. Soluta minus occaecati quae voluptatem corrupti aut dolor. Inventore earum sed minus aut. Odit ratione a dolorum dolores enim nobis.', 1, '2018-06-05 14:48:28', '2018-06-05 14:48:28'),
(155, 1, 'Cheyenne Brekke', 'Dolor non voluptas maxime nihil. Et est perferendis ut eligendi molestiae alias eveniet. Autem officia blanditiis et quo ut et autem. Sint non quisquam delectus magni porro accusamus.', 1, '2018-06-05 14:48:28', '2018-06-05 14:48:28'),
(156, 11, 'Kenyatta Waters', 'Nihil iusto impedit delectus asperiores perferendis occaecati. Odio fuga quia et et velit. Expedita repellendus autem est est sunt dolorum asperiores.', 3, '2018-06-05 14:48:28', '2018-06-05 14:48:28'),
(157, 14, 'Adella Hackett', 'Consequatur dolore molestiae et quaerat. Nesciunt nulla sunt veritatis iure harum quibusdam dolor. Ab quos est totam totam quaerat.', 1, '2018-06-05 14:48:28', '2018-06-05 14:48:28'),
(158, 33, 'Selmer Wilderman', 'Sapiente ut provident vel. Possimus inventore maxime odio dolorem id. Nihil voluptas voluptates sit eveniet.', 4, '2018-06-05 14:48:28', '2018-06-05 14:48:28'),
(159, 3, 'Dr. Titus Armstrong', 'Fugiat adipisci sed voluptatem neque optio. Deleniti consectetur architecto ut veritatis in. Aut aliquam et laborum quos odio nobis adipisci similique. Quo laborum laudantium explicabo facilis accusamus necessitatibus autem.', 5, '2018-06-05 14:48:28', '2018-06-05 14:48:28'),
(160, 48, 'Olaf Rippin', 'Doloremque quidem repellendus amet quia eaque debitis aut. Ullam placeat voluptatibus dolorem ratione totam architecto adipisci vitae. Qui dignissimos aut nesciunt qui assumenda consequuntur. Doloremque totam iure voluptatem nihil iusto magni est. Qui quos qui hic rerum eligendi.', 5, '2018-06-05 14:48:28', '2018-06-05 14:48:28'),
(161, 47, 'Ova Abbott', 'Quia eos ut omnis molestiae voluptatem. Similique est voluptatem mollitia laudantium sint ut. Doloribus dolorem commodi et quia illo. Dolorem fugit qui deleniti quia culpa voluptatem. Sit tenetur earum qui quasi beatae doloribus ut.', 4, '2018-06-05 14:48:28', '2018-06-05 14:48:28'),
(162, 47, 'Seth Wilderman', 'In omnis repellat omnis. Odio reiciendis quia cumque reprehenderit ab assumenda. Repudiandae deleniti et officiis quibusdam. Praesentium qui eius similique deserunt optio.', 1, '2018-06-05 14:48:28', '2018-06-05 14:48:28'),
(163, 20, 'Ewald Goldner', 'Vitae labore nisi error magni. Ut temporibus ut illum. Nulla fugiat quos doloremque aut. Voluptate quaerat animi sed occaecati enim natus iste.', 4, '2018-06-05 14:48:28', '2018-06-05 14:48:28'),
(164, 40, 'Desmond Connelly', 'Et quis ut et expedita consequatur vel aut. Voluptatum non ea ipsam. Corporis laboriosam laborum harum delectus eum nulla.', 5, '2018-06-05 14:48:28', '2018-06-05 14:48:28'),
(165, 18, 'Enrico Pollich', 'Ratione quo excepturi reiciendis aliquid aut. Quo temporibus fuga quas inventore. Ut sed molestias vitae error placeat. Aliquam omnis voluptas nulla culpa quia.', 4, '2018-06-05 14:48:28', '2018-06-05 14:48:28'),
(166, 6, 'Ruth Kiehn', 'Omnis aut delectus nesciunt occaecati. Voluptatem qui dolorem quia. Ut est consequatur quidem eos fuga ea. Ea cumque adipisci labore quas nam.', 2, '2018-06-05 14:48:28', '2018-06-05 14:48:28'),
(167, 11, 'Nathanial Hahn III', 'Et voluptatem facilis ex vitae consequatur. Dignissimos et aliquid quisquam eos. Aut voluptas similique est nisi qui saepe. Consequuntur quo aut impedit architecto itaque soluta eligendi.', 1, '2018-06-05 14:48:28', '2018-06-05 14:48:28'),
(168, 38, 'Prof. Devyn Fahey', 'Aut laudantium atque totam iste occaecati. Quia exercitationem perspiciatis ut neque et aut. Amet beatae nihil reprehenderit quia. Et illum eum repudiandae. Hic et sequi possimus optio ut reiciendis omnis.', 1, '2018-06-05 14:48:28', '2018-06-05 14:48:28'),
(169, 37, 'Dr. Ken Barton', 'Sed consequuntur velit perferendis aliquam sed. Similique voluptas ut hic enim ratione aut dolorem. Voluptates omnis sit minima et fugit sint. Reprehenderit qui repellendus numquam quae possimus velit quod.', 1, '2018-06-05 14:48:28', '2018-06-05 14:48:28'),
(170, 10, 'Prof. Angelica Quitzon', 'Maxime sed harum laborum voluptates aut iusto hic vel. Quam sunt delectus magni quo illo. Recusandae quo hic nulla sint.', 0, '2018-06-05 14:48:28', '2018-06-05 14:48:28'),
(171, 36, 'Miss Verona Roob Sr.', 'Ea odit qui similique cum. Earum id tenetur tempore. Quia sapiente et quia vitae et qui.', 3, '2018-06-05 14:48:28', '2018-06-05 14:48:28'),
(172, 16, 'Jamey Schmeler', 'Eaque consequatur inventore odio ut exercitationem voluptate. Omnis accusamus doloribus provident omnis ducimus. Aut ad qui aliquid repellat deserunt quas recusandae.', 5, '2018-06-05 14:48:29', '2018-06-05 14:48:29'),
(173, 21, 'Itzel O\'Hara', 'Fuga ea pariatur dicta. Suscipit fugiat quod voluptates. Sint eveniet est nemo.', 1, '2018-06-05 14:48:29', '2018-06-05 14:48:29'),
(174, 38, 'Reece Jakubowski', 'Qui dolorem suscipit explicabo et nulla illo. Et fugit perspiciatis nostrum sint. Vel dolorem quod sit voluptatum qui ut.', 1, '2018-06-05 14:48:29', '2018-06-05 14:48:29'),
(175, 3, 'Ms. Maximillia Witting', 'Ut laborum quasi fuga. Aut ut dicta ipsam iste. Ad aperiam et ea nam et ex ducimus nisi.', 4, '2018-06-05 14:48:29', '2018-06-05 14:48:29'),
(176, 14, 'Rosalyn Buckridge', 'Rerum blanditiis illum eaque. Distinctio occaecati eum est qui unde natus. Harum blanditiis impedit assumenda molestiae.', 2, '2018-06-05 14:48:29', '2018-06-05 14:48:29'),
(177, 12, 'Joey Marquardt I', 'Et ipsa est sint. Possimus eos nesciunt earum facilis recusandae aut veritatis. Nisi blanditiis iusto aut explicabo distinctio officia pariatur.', 1, '2018-06-05 14:48:29', '2018-06-05 14:48:29'),
(178, 45, 'Dario Auer', 'Neque eos corrupti eligendi. Sapiente voluptatem vitae sint et. Voluptatem et aperiam aut enim animi.', 0, '2018-06-05 14:48:29', '2018-06-05 14:48:29'),
(179, 34, 'Elissa Schmitt', 'Sint et rerum nihil voluptate architecto. Dolorum labore voluptas voluptatem quod numquam asperiores molestiae. Et explicabo consectetur voluptas hic eos dicta numquam. Facilis quasi itaque omnis illo provident neque.', 5, '2018-06-05 14:48:29', '2018-06-05 14:48:29'),
(180, 43, 'Dr. Mia Gleichner', 'Sunt et magni iure autem. Inventore et eos autem voluptatem explicabo tenetur inventore. Earum debitis cumque eos quia illum qui vero consectetur. Ut soluta odio sunt sint.', 1, '2018-06-05 14:48:29', '2018-06-05 14:48:29'),
(181, 5, 'Estel Heathcote', 'Dolorum sint porro est reprehenderit. Ratione voluptatem hic debitis quasi. Quos numquam qui amet rerum.', 4, '2018-06-05 14:48:29', '2018-06-05 14:48:29'),
(182, 37, 'Lincoln Sawayn', 'Alias reprehenderit sed quasi incidunt repellat et molestias. Quia reprehenderit praesentium qui adipisci accusantium officiis. Mollitia aliquid aliquam exercitationem aut.', 3, '2018-06-05 14:48:29', '2018-06-05 14:48:29'),
(183, 3, 'Robyn Mills I', 'Occaecati similique provident consectetur voluptas vitae. Voluptas perspiciatis eius nisi illum hic aut. Incidunt vitae eius expedita quae.', 4, '2018-06-05 14:48:29', '2018-06-05 14:48:29'),
(184, 36, 'Kadin Ritchie', 'Dignissimos et ex error non officiis expedita. Voluptate consequatur saepe possimus enim aut animi et assumenda. Unde unde qui magni qui ut quis.', 3, '2018-06-05 14:48:29', '2018-06-05 14:48:29'),
(185, 47, 'Mr. Moshe Howe', 'Eligendi qui aut ea nam ut. Dolor est aut molestiae nemo qui nemo totam. Est quas et sed ex et.', 2, '2018-06-05 14:48:29', '2018-06-05 14:48:29'),
(186, 22, 'Myriam Kirlin', 'Quos recusandae eius dolor nostrum voluptas tempore. Omnis quia quod nihil sed et excepturi error. Excepturi exercitationem rerum voluptates facere repellat. Est quidem illum laboriosam enim exercitationem.', 3, '2018-06-05 14:48:29', '2018-06-05 14:48:29'),
(187, 12, 'Genevieve Harvey', 'Facere ab quam iusto et. Enim fugiat quod voluptatem qui et. Rem et dolorem voluptatibus voluptate est veniam non atque.', 4, '2018-06-05 14:48:29', '2018-06-05 14:48:29'),
(188, 19, 'Prof. Jaylan Klocko V', 'Minima voluptate consectetur suscipit molestias autem vel. Quia sint tempora eligendi delectus qui et dignissimos. Nihil fuga qui sed sint ut.', 1, '2018-06-05 14:48:29', '2018-06-05 14:48:29'),
(189, 25, 'Freeda Osinski', 'Et placeat aut odit quia aut. Libero aut aspernatur sed alias ipsa. Aut quia blanditiis non qui veniam ullam.', 0, '2018-06-05 14:48:29', '2018-06-05 14:48:29'),
(190, 40, 'Chyna Berge', 'Laboriosam est ab id odio illum quia consectetur. Eveniet eius corrupti maiores beatae occaecati. Maxime sit ullam quia sed. Natus et reprehenderit minus magni ex voluptatem voluptatem.', 1, '2018-06-05 14:48:29', '2018-06-05 14:48:29'),
(191, 42, 'Dr. Lizeth Wuckert PhD', 'Vitae minus labore perferendis temporibus id. Est consequatur et enim maxime.', 1, '2018-06-05 14:48:29', '2018-06-05 14:48:29'),
(192, 46, 'Nils Huels', 'Et vitae odit voluptas qui eos architecto quam. Vero harum nemo autem consequuntur.', 2, '2018-06-05 14:48:29', '2018-06-05 14:48:29'),
(193, 21, 'Angus Boehm', 'Modi expedita sed aut corrupti enim. Sequi nostrum quod quis.', 4, '2018-06-05 14:48:29', '2018-06-05 14:48:29'),
(194, 33, 'Raleigh Lynch', 'Ut officia eveniet excepturi impedit. Est sunt dolorem aperiam. Sit excepturi consequuntur deserunt necessitatibus magni tempore.', 0, '2018-06-05 14:48:29', '2018-06-05 14:48:29'),
(195, 29, 'Hertha Haag', 'At fugiat labore consequatur sunt quo libero fuga ducimus. Officiis quas consequatur expedita et voluptatibus occaecati minima. Nam aperiam autem quisquam vel accusantium. Quisquam error cupiditate ipsum sed tenetur blanditiis.', 5, '2018-06-05 14:48:29', '2018-06-05 14:48:29'),
(196, 37, 'Colin Schumm', 'Qui rem et dolorum ea. Nulla et quam rem et distinctio. Incidunt rerum aut aperiam harum consequuntur quos.', 2, '2018-06-05 14:48:29', '2018-06-05 14:48:29'),
(197, 14, 'Brenden Sipes', 'Quae et dicta consequatur modi quis culpa. Non voluptatem et quae. Maiores explicabo sequi sunt dolore quia in harum. Perferendis totam dolorem autem.', 0, '2018-06-05 14:48:29', '2018-06-05 14:48:29'),
(198, 39, 'Roosevelt Padberg', 'Incidunt distinctio sed et beatae nisi. Dolor vel id voluptates aut officiis.', 3, '2018-06-05 14:48:29', '2018-06-05 14:48:29'),
(199, 8, 'Bailey Cartwright', 'Aut aliquam quidem provident cupiditate veritatis distinctio aperiam suscipit. Quia aut eos doloremque vel. Corporis qui assumenda fugiat. Et eos voluptatibus repellendus ut voluptates et.', 5, '2018-06-05 14:48:29', '2018-06-05 14:48:29'),
(200, 50, 'Miss Nella Mraz PhD', 'Nihil ut non officiis at rerum sint vero. Non voluptatem est cum amet laboriosam. Architecto odio quia eveniet. Esse qui quae qui ab aperiam quis sunt.', 4, '2018-06-05 14:48:29', '2018-06-05 14:48:29'),
(201, 15, 'Cassie Schulist', 'Non explicabo perferendis aperiam accusantium fugit aut quam. Sequi quod optio fuga quaerat aut sit nemo in. Quasi minima vel officiis magni dolores aut eveniet.', 0, '2018-06-05 14:48:29', '2018-06-05 14:48:29'),
(202, 23, 'Simeon Sporer', 'Molestias est voluptatem quo iusto. Eligendi possimus ea aliquid esse quasi. Praesentium sit qui voluptatibus nam. Et tempora et aut cupiditate repellendus.', 0, '2018-06-05 14:48:29', '2018-06-05 14:48:29'),
(203, 35, 'Jarod Barton', 'Placeat a occaecati eos quis nam deserunt voluptas vel. Debitis quia sit iste consequatur. Repellat voluptas et voluptatibus quia eum sequi. Dolorem voluptate ut ducimus voluptas debitis incidunt ut.', 1, '2018-06-05 14:48:29', '2018-06-05 14:48:29'),
(204, 39, 'Jeromy Boyle', 'Quasi unde et quia soluta. Repellat nostrum sunt ad itaque et quasi laudantium facere. Quis id et consequuntur. Est rerum quia aut ut facilis alias quis.', 1, '2018-06-05 14:48:29', '2018-06-05 14:48:29'),
(205, 13, 'Caesar Bruen', 'Perspiciatis vero officiis et ullam. Quasi adipisci non illo. Similique atque sint sunt corrupti. Quo ut sed quidem optio.', 2, '2018-06-05 14:48:29', '2018-06-05 14:48:29'),
(206, 8, 'Dr. Devyn Eichmann DDS', 'Porro eum laborum iure nam enim iure sed delectus. Ipsum incidunt iure quia temporibus consequatur eligendi. Eligendi sit praesentium est autem.', 3, '2018-06-05 14:48:29', '2018-06-05 14:48:29'),
(207, 4, 'Arch O\'Keefe I', 'Saepe autem sequi quis pariatur ipsum vitae. Mollitia impedit cum qui dolor incidunt placeat.', 2, '2018-06-05 14:48:29', '2018-06-05 14:48:29'),
(208, 24, 'Garnett Paucek', 'Occaecati distinctio a magnam aliquam nulla. Et dolorem asperiores velit in sit qui. Commodi quo et in est vel corporis.', 4, '2018-06-05 14:48:30', '2018-06-05 14:48:30');
INSERT INTO `reviews` (`id`, `product_id`, `customer`, `review`, `star`, `created_at`, `updated_at`) VALUES
(209, 19, 'Dr. Hayden Bednar', 'Accusamus cupiditate quod eos quis iure ducimus aperiam. Quod repudiandae harum molestiae tenetur fugiat accusantium occaecati. Dolore voluptatem minima quo quidem eligendi corporis.', 5, '2018-06-05 14:48:30', '2018-06-05 14:48:30'),
(210, 15, 'Maybelle Nolan', 'Veritatis provident qui delectus sed sint. Reiciendis quaerat ex incidunt quis voluptate est quae omnis. Et autem nulla laboriosam nobis nesciunt repudiandae illum. Debitis et facilis voluptas provident hic quia nesciunt.', 4, '2018-06-05 14:48:30', '2018-06-05 14:48:30'),
(211, 39, 'Julien Crist', 'Minima aut tempore voluptatum. Molestiae voluptas dicta quaerat autem officia. Voluptates quis officia est quo recusandae quo fugiat.', 5, '2018-06-05 14:48:30', '2018-06-05 14:48:30'),
(212, 16, 'Kenneth Little', 'Eveniet atque dolores quia amet unde eum velit. Et harum et blanditiis ex.', 0, '2018-06-05 14:48:30', '2018-06-05 14:48:30'),
(213, 14, 'Shanon Barton IV', 'Quis id accusamus magni id placeat soluta. Laudantium quia in quibusdam unde. Veritatis repudiandae est non exercitationem in corporis vel. Aut officiis omnis ad incidunt.', 5, '2018-06-05 14:48:30', '2018-06-05 14:48:30'),
(214, 12, 'Miss Alia Schmeler', 'Soluta incidunt labore modi labore quia. Ut dolores odit illo asperiores. Sed fugit laboriosam perspiciatis magni consequatur aut rerum.', 5, '2018-06-05 14:48:30', '2018-06-05 14:48:30'),
(215, 18, 'Mrs. Kiara Rau V', 'Perferendis maiores omnis facere necessitatibus. Consequatur ad eum qui iure qui. Enim velit nulla ex qui nesciunt.', 2, '2018-06-05 14:48:30', '2018-06-05 14:48:30'),
(216, 38, 'Dr. Samir Hirthe', 'Libero quasi aut facilis. Eos ad placeat numquam odio consequatur molestias. Nobis ipsum debitis suscipit veniam. Repellat nemo cum dolorem at praesentium incidunt qui.', 1, '2018-06-05 14:48:30', '2018-06-05 14:48:30'),
(217, 49, 'Rowena Zboncak Sr.', 'Maiores neque saepe dignissimos voluptas id deleniti. Voluptatum enim ipsa deleniti fuga. Voluptatum culpa rerum molestiae placeat saepe consequatur rerum.', 0, '2018-06-05 14:48:30', '2018-06-05 14:48:30'),
(218, 45, 'Berniece Wolff', 'Soluta sed dignissimos voluptates explicabo. Molestiae voluptatem rerum laboriosam aut et earum aperiam. Dolorem odit aut quis aut minus ea. Ea nesciunt eligendi aliquid culpa necessitatibus facilis qui.', 4, '2018-06-05 14:48:30', '2018-06-05 14:48:30'),
(219, 38, 'Shaniya Abbott', 'Nesciunt aperiam eveniet velit non blanditiis eius aut. Ad voluptatem assumenda vel et. Sed eos atque distinctio perferendis saepe impedit accusantium.', 4, '2018-06-05 14:48:30', '2018-06-05 14:48:30'),
(220, 36, 'Jonas Miller', 'Omnis quae labore voluptatem voluptatibus voluptas dolor. Ut doloremque nulla libero facere quis. Molestiae labore explicabo recusandae perspiciatis est dolor sit.', 0, '2018-06-05 14:48:30', '2018-06-05 14:48:30'),
(221, 10, 'Samara Kertzmann', 'Tempore nulla ut dolorem accusamus. Quidem sunt incidunt exercitationem explicabo odit sed. Accusamus repellendus modi enim suscipit enim. Et numquam non laudantium occaecati.', 3, '2018-06-05 14:48:30', '2018-06-05 14:48:30'),
(222, 21, 'Maximillia Johnston', 'Vero sed eum eos sed officiis quae. Eligendi tempore et illo voluptatibus et non eveniet. Molestiae reiciendis dolor omnis facilis dolore.', 3, '2018-06-05 14:48:30', '2018-06-05 14:48:30'),
(223, 26, 'Dusty VonRueden', 'Mollitia qui necessitatibus quisquam voluptatem maxime et. Vero qui adipisci sunt temporibus tempore nesciunt delectus. Accusantium est sed cupiditate consequatur sunt. Esse ipsa et et ea optio.', 2, '2018-06-05 14:48:30', '2018-06-05 14:48:30'),
(224, 13, 'Duane Goldner', 'Dolores nostrum nisi et laboriosam quis laboriosam. Iste quia quae quos omnis repudiandae.', 3, '2018-06-05 14:48:30', '2018-06-05 14:48:30'),
(225, 17, 'Prof. Andreane Huels IV', 'Ipsum sit cum in nostrum deleniti eos. Nostrum eius incidunt quia enim. Quibusdam molestiae adipisci pariatur eligendi.', 2, '2018-06-05 14:48:30', '2018-06-05 14:48:30'),
(226, 37, 'Delaney Mills II', 'Voluptas ipsum autem incidunt vel enim iure. Atque sit repudiandae voluptatibus. Ratione quidem quibusdam quae non error rerum. Aliquam temporibus consequatur iste ut vel ex at.', 1, '2018-06-05 14:48:30', '2018-06-05 14:48:30'),
(227, 48, 'Gideon Mueller MD', 'Mollitia maiores veniam doloremque fuga voluptatibus et ad. Adipisci voluptatum minima aut qui vitae natus vitae. Qui culpa molestiae et id. Consectetur officia qui nisi non rerum commodi commodi.', 1, '2018-06-05 14:48:30', '2018-06-05 14:48:30'),
(228, 4, 'Prof. Tyreek Lubowitz', 'Saepe est quas eos recusandae assumenda laudantium nihil eum. Eos sit mollitia eaque unde. Rem quod sit quaerat consequatur ut dolor cupiditate. Eius quia dolor exercitationem tempora qui.', 3, '2018-06-05 14:48:30', '2018-06-05 14:48:30'),
(229, 23, 'Dedrick Marquardt', 'Totam odit officiis quia voluptatem earum. Fuga molestiae quasi qui eius in. Mollitia ullam voluptatem et magnam voluptatem quidem corporis enim. Deleniti eum ea laboriosam ratione dolorem assumenda cupiditate.', 4, '2018-06-05 14:48:30', '2018-06-05 14:48:30'),
(230, 6, 'Ellen Herzog DVM', 'Ut architecto modi aperiam. Modi et enim magnam. Nisi et illum est iure expedita voluptate.', 0, '2018-06-05 14:48:30', '2018-06-05 14:48:30'),
(231, 45, 'Mr. Scottie Berge Jr.', 'Nam omnis tempore molestiae est ipsam blanditiis rerum. Animi et molestiae autem magnam. Totam quibusdam nemo est eum inventore. Molestiae nemo omnis laudantium unde.', 4, '2018-06-05 14:48:30', '2018-06-05 14:48:30'),
(232, 37, 'Eve Morissette', 'Eveniet qui porro doloremque porro aliquam exercitationem. Rerum laborum iure earum odit. Non et quos pariatur facilis deleniti quis earum ut.', 5, '2018-06-05 14:48:30', '2018-06-05 14:48:30'),
(233, 22, 'Tate Grady', 'Ea aut qui ducimus ex voluptas ullam et non. Ipsam maxime aperiam voluptatem sit eveniet exercitationem illo. Dolore quis suscipit voluptatem a dolore odio dolore. Aliquid labore voluptates nam sit et aut.', 1, '2018-06-05 14:48:31', '2018-06-05 14:48:31'),
(234, 27, 'Destiney Glover', 'Dolorem repellat qui error ullam qui voluptas. Illum minima maxime quidem explicabo distinctio. Omnis deserunt amet sapiente molestias tempora ex eum est. Dignissimos molestiae non incidunt iusto ut qui. Nihil adipisci assumenda aut enim.', 5, '2018-06-05 14:48:31', '2018-06-05 14:48:31'),
(235, 36, 'Melany Schultz', 'Voluptatem odit molestiae voluptatem rerum dolorem ut. Ducimus dolorum aspernatur possimus quod placeat aut. Odit sint facilis error. Ducimus optio aliquid voluptas et.', 2, '2018-06-05 14:48:31', '2018-06-05 14:48:31'),
(236, 28, 'Nicola Collins', 'Deleniti dolore hic facilis corporis veritatis unde. Perspiciatis ipsa sit totam dicta. Occaecati voluptatum omnis quis totam ea. Quas amet corrupti quae sit excepturi placeat sint nam.', 5, '2018-06-05 14:48:31', '2018-06-05 14:48:31'),
(237, 48, 'Tracey Sauer', 'Non adipisci vel inventore modi sed quis dolores. Eos optio nemo sapiente architecto. Illo qui ut veritatis. Qui dolorum ab id quas quam qui porro. Qui mollitia aut et perferendis qui labore ut quo.', 3, '2018-06-05 14:48:31', '2018-06-05 14:48:31'),
(238, 25, 'Mr. Erik Gerlach', 'Beatae recusandae molestias aut dolor laboriosam. Ut ea non provident et consequatur accusamus quae ut. Ab enim expedita doloribus. Est qui inventore distinctio ut aut id.', 3, '2018-06-05 14:48:31', '2018-06-05 14:48:31'),
(239, 10, 'Miss Leola Larkin', 'Atque et placeat ducimus a. Ducimus sed voluptatum exercitationem qui. Tempora cupiditate quisquam ut esse atque nulla.', 0, '2018-06-05 14:48:31', '2018-06-05 14:48:31'),
(240, 9, 'Sage Conroy Sr.', 'Harum error delectus nostrum et laboriosam autem enim. Omnis quis facilis tempora at. Et asperiores et quam beatae natus ipsa ut illo.', 3, '2018-06-05 14:48:31', '2018-06-05 14:48:31'),
(241, 27, 'Miss Dorothy Blick', 'Molestiae tenetur laudantium architecto assumenda doloribus. Tempora nostrum ullam non soluta consequatur eos sint.', 3, '2018-06-05 14:48:31', '2018-06-05 14:48:31'),
(242, 43, 'Reta Cummerata', 'Architecto sed voluptatem laboriosam est odit. Sunt labore molestias quidem unde dolore cum. Molestiae eos adipisci dolores et voluptas velit beatae. Minus sint fugiat occaecati quisquam accusantium quis sit.', 0, '2018-06-05 14:48:31', '2018-06-05 14:48:31'),
(243, 45, 'Dr. Kristoffer Hirthe DDS', 'Non sapiente et ipsam nihil expedita sit numquam velit. Omnis voluptas animi ut consequatur non. Expedita consectetur at dignissimos soluta nam ut quis iure. Dolor molestiae quod accusamus corporis reiciendis molestiae.', 5, '2018-06-05 14:48:31', '2018-06-05 14:48:31'),
(244, 32, 'Ellis Mraz', 'Quo ut expedita mollitia ut. Et libero sit id est libero eligendi. Officiis delectus consequatur error dolores asperiores.', 2, '2018-06-05 14:48:31', '2018-06-05 14:48:31'),
(245, 35, 'Josefa Sipes', 'Est maiores a non. Ut amet quo mollitia et a praesentium veritatis. Eos rerum consequuntur et. Sit qui et velit possimus corrupti soluta libero.', 2, '2018-06-05 14:48:31', '2018-06-05 14:48:31'),
(246, 9, 'Bernardo Boyer', 'Ut praesentium temporibus facilis eum explicabo. Deserunt eligendi ab molestiae et aut consectetur. Quam facere tenetur et perferendis commodi consequatur aliquam ipsam. Et nobis necessitatibus fuga eveniet velit ad quos voluptas.', 3, '2018-06-05 14:48:31', '2018-06-05 14:48:31'),
(247, 45, 'Aletha McCullough', 'Non fugiat alias praesentium ipsa ad incidunt. Ullam odit placeat culpa facere velit. Eius dolor sunt corrupti in quia dolor libero. Quibusdam reprehenderit cumque voluptatem fugiat sit.', 0, '2018-06-05 14:48:31', '2018-06-05 14:48:31'),
(248, 10, 'Hershel Brown', 'Molestiae et error quisquam consequatur magnam aspernatur doloribus quis. Quo aut eligendi distinctio eum eos sapiente veritatis dolorum.', 3, '2018-06-05 14:48:31', '2018-06-05 14:48:31'),
(249, 21, 'Verlie Lemke', 'Ex illo sunt vero cumque. Et consectetur ut sit perspiciatis culpa. Fugit suscipit aliquam quos. Neque placeat alias quia aut. Odit dolores ex unde exercitationem.', 1, '2018-06-05 14:48:31', '2018-06-05 14:48:31'),
(250, 17, 'Jarred Gleichner', 'Asperiores consequatur vel quia rerum ea. Similique ut reprehenderit aut corrupti et earum. Voluptatem ducimus aut odio distinctio porro quam.', 2, '2018-06-05 14:48:31', '2018-06-05 14:48:31'),
(251, 29, 'Tremayne Braun', 'Eos nobis perferendis voluptas incidunt enim est qui iure. In laudantium in et tenetur cum voluptatem non est. Commodi iste qui non molestias commodi. Facilis corrupti quod corporis aperiam eos ducimus facilis.', 0, '2018-06-05 14:48:31', '2018-06-05 14:48:31'),
(252, 27, 'Marlee McDermott', 'Neque reprehenderit et itaque eius illum. Velit molestiae voluptate non accusamus cum natus dolor. Officia qui est necessitatibus. Non non dolores sed nostrum eveniet dicta.', 3, '2018-06-05 14:48:31', '2018-06-05 14:48:31'),
(253, 36, 'Warren Hudson', 'Iste unde corporis natus et consequatur rerum odit. Nihil perspiciatis ipsam quo libero. Itaque porro necessitatibus impedit quidem doloribus.', 3, '2018-06-05 14:48:31', '2018-06-05 14:48:31'),
(254, 49, 'Shania Effertz V', 'Modi doloribus eaque aut maxime tempore consequatur aliquam voluptatibus. Sint laboriosam et porro rem est ab iusto.', 2, '2018-06-05 14:48:31', '2018-06-05 14:48:31'),
(255, 38, 'Elmore Dietrich', 'Quia sint error qui nobis qui fugit iusto dolorum. Aut sed id tempora quidem voluptatem. Atque fugiat temporibus nostrum exercitationem. Commodi nemo aut consequatur aut voluptatem.', 2, '2018-06-05 14:48:31', '2018-06-05 14:48:31'),
(256, 6, 'Paige Ziemann', 'Magni et dolore et earum quos unde. Iste corporis illum quaerat tempore. Nihil minus libero aut voluptatem enim aperiam molestiae. In provident porro voluptatem corporis.', 3, '2018-06-05 14:48:31', '2018-06-05 14:48:31'),
(257, 34, 'Jessy Herman DVM', 'Voluptate recusandae voluptates distinctio. Ullam sunt enim quia corporis. Repellat a sapiente corrupti fugit aut.', 3, '2018-06-05 14:48:31', '2018-06-05 14:48:31'),
(258, 18, 'Dr. Vivien Gorczany', 'Fugit nobis sequi ut suscipit in hic. Sapiente impedit recusandae eius laudantium. Id tempore aut autem laborum rem aut.', 2, '2018-06-05 14:48:31', '2018-06-05 14:48:31'),
(259, 10, 'Ms. Keely Bartoletti MD', 'Quam veniam non ut commodi accusamus ex tenetur. Iusto et voluptatibus reiciendis nihil cum provident sint qui. Quia reiciendis voluptatem assumenda sed assumenda possimus. Omnis et quisquam quis necessitatibus totam et et. Adipisci ut dolorem deleniti repudiandae.', 0, '2018-06-05 14:48:31', '2018-06-05 14:48:31'),
(260, 34, 'Electa Rosenbaum V', 'Quaerat et doloribus optio minima qui occaecati. Iste et qui qui doloribus consequatur eos. Adipisci et laboriosam at non deleniti rerum. Cum sed numquam debitis est voluptate.', 2, '2018-06-05 14:48:31', '2018-06-05 14:48:31'),
(261, 23, 'Hershel Ankunding', 'Dolor sit reprehenderit similique ex. Iste repudiandae laborum eligendi consequatur et. Suscipit nisi ut ullam dolores eligendi. Qui ipsa nostrum architecto sed consequatur.', 4, '2018-06-05 14:48:31', '2018-06-05 14:48:31'),
(262, 28, 'Nels Hackett', 'Repellendus labore error voluptas nihil nihil. Maiores quis quisquam consequatur. Eius dolorum perferendis iusto eius corrupti quis.', 3, '2018-06-05 14:48:31', '2018-06-05 14:48:31'),
(263, 14, 'Anabelle Mraz', 'Eligendi velit animi hic repellendus et maxime odit. Quasi consequuntur illum aperiam magni quo. Deserunt cupiditate non voluptatem quis esse voluptas atque.', 1, '2018-06-05 14:48:31', '2018-06-05 14:48:31'),
(264, 27, 'Jordy Stanton', 'Velit rerum accusamus id necessitatibus. Eum dolorem dolore est molestiae. Facilis id ut eos nihil consequatur.', 3, '2018-06-05 14:48:31', '2018-06-05 14:48:31'),
(265, 7, 'Rogelio Barton', 'Accusantium reprehenderit accusantium rem cumque. A architecto odio officiis. Consequatur at sit velit consequatur vel perspiciatis earum. Incidunt facere in ipsum beatae consequatur consequatur consequatur.', 4, '2018-06-05 14:48:31', '2018-06-05 14:48:31'),
(266, 3, 'Mr. Antone Nolan III', 'Maiores sequi molestiae facilis voluptas accusantium maiores et autem. Sed nihil vero non quo temporibus accusantium.', 3, '2018-06-05 14:48:31', '2018-06-05 14:48:31'),
(267, 29, 'Gabe Kuphal', 'Sapiente nihil omnis est dignissimos et odit. Ut deleniti reprehenderit corrupti est ut pariatur enim eius. Provident et minima exercitationem. Et minus omnis est accusamus.', 1, '2018-06-05 14:48:32', '2018-06-05 14:48:32'),
(268, 21, 'Prof. Ulises Ward Sr.', 'Vel dolorem voluptatem ab. Non itaque odio iusto quia necessitatibus odit. Ipsam cumque et autem a.', 3, '2018-06-05 14:48:32', '2018-06-05 14:48:32'),
(269, 20, 'Jazmyne Boyer DDS', 'Molestias consectetur iure quaerat architecto. Delectus suscipit error dolores eligendi et et. Aliquam quos et inventore quaerat officiis hic harum. Nulla itaque iusto error veniam maxime earum quibusdam. Beatae odit et voluptas alias.', 5, '2018-06-05 14:48:32', '2018-06-05 14:48:32'),
(270, 14, 'Lynn Crooks Jr.', 'Qui ipsa voluptatem harum qui vitae aut. Fugiat labore et ut repellendus enim. Dolorem voluptas quaerat aperiam recusandae. Assumenda deserunt dolore rem in optio dolore aut placeat.', 2, '2018-06-05 14:48:32', '2018-06-05 14:48:32'),
(271, 19, 'Dr. Brain Welch', 'Ut possimus repellat ipsam non rerum quis. Sed eius quidem qui rerum recusandae. Harum ea repellendus expedita sed et voluptate. Fugit maxime saepe et veritatis. Ipsa expedita amet et modi nemo et.', 1, '2018-06-05 14:48:32', '2018-06-05 14:48:32'),
(272, 28, 'Quinn Kuhn MD', 'Pariatur tenetur sed unde laudantium voluptatem ducimus. Earum optio quia nulla aut. Et sed eius facere accusamus sunt.', 0, '2018-06-05 14:48:32', '2018-06-05 14:48:32'),
(273, 26, 'Autumn Keebler', 'Voluptatem iusto et rerum officiis natus facere. Est praesentium dolorem dolor. Commodi facere temporibus mollitia error consectetur. Perferendis vel sit fuga quia est facilis officia magnam.', 4, '2018-06-05 14:48:32', '2018-06-05 14:48:32'),
(274, 20, 'Prof. Odessa Reilly Sr.', 'Impedit illum commodi ratione quae. A nisi ex aut culpa occaecati earum aperiam eligendi. Dolor praesentium commodi qui deleniti iusto earum eligendi.', 2, '2018-06-05 14:48:32', '2018-06-05 14:48:32'),
(275, 33, 'Kane Grady', 'Voluptas ratione libero rerum pariatur. Modi dolores voluptas ex enim animi et iste. Tempore laboriosam voluptatem et in dignissimos. Aut sunt ullam vitae architecto ut laudantium eveniet expedita.', 1, '2018-06-05 14:48:32', '2018-06-05 14:48:32'),
(276, 18, 'Prof. Adrienne Grimes IV', 'Cupiditate ullam rerum eos. Cum tempore ut omnis quae laboriosam. Voluptate quidem atque voluptatem est fuga enim et tempora.', 0, '2018-06-05 14:48:32', '2018-06-05 14:48:32'),
(277, 41, 'Name Considine', 'Fuga quod quod voluptas voluptatibus est. Nemo reprehenderit quasi incidunt in doloremque ducimus molestias. Neque expedita ut esse quo non quas ut.', 5, '2018-06-05 14:48:32', '2018-06-05 14:48:32'),
(278, 50, 'Tony Yost', 'Doloremque quod odit in mollitia ducimus iusto. Sit sit ea omnis quidem consectetur hic est minus. Harum rerum sit est accusantium porro quod impedit. Praesentium dicta est non libero voluptatem.', 5, '2018-06-05 14:48:32', '2018-06-05 14:48:32'),
(279, 24, 'Dr. Drew King', 'Quae saepe occaecati animi a aperiam nulla. Autem ex quibusdam sed iure esse. Libero omnis dignissimos nihil nihil.', 5, '2018-06-05 14:48:32', '2018-06-05 14:48:32'),
(280, 44, 'Polly Skiles', 'Praesentium est eaque error suscipit accusamus itaque ullam. Minus aut aut ut temporibus. Ratione saepe quia eaque est ut qui autem voluptatem. Et voluptatem enim itaque cupiditate sint sunt nihil dolores.', 0, '2018-06-05 14:48:32', '2018-06-05 14:48:32'),
(281, 5, 'Deron Reichel', 'Et enim eum et cum. Iure rerum eum deleniti quia nemo. Illum veniam eaque odit beatae. Ea consequatur vel qui quae accusantium occaecati accusantium.', 1, '2018-06-05 14:48:32', '2018-06-05 14:48:32'),
(282, 18, 'Greg Hudson', 'Quisquam repudiandae consequatur maxime. Quidem at dicta pariatur quis aperiam in. Dolorum quis non culpa nemo eos et. Odio ullam voluptatibus impedit et sit velit voluptatem labore.', 5, '2018-06-05 14:48:32', '2018-06-05 14:48:32'),
(283, 26, 'Elna Lakin', 'Illo dolor velit quia assumenda rerum veritatis quo. Voluptatem enim odio sit vel molestiae id. Voluptatum velit et quibusdam et beatae aut. Veniam tempore molestias repudiandae illum eum culpa. Voluptatem velit rerum veniam repellat fugit soluta facilis.', 3, '2018-06-05 14:48:32', '2018-06-05 14:48:32'),
(284, 35, 'Heaven Waters', 'Iure eum quia eius ut neque at in. Temporibus accusamus natus dignissimos in sit expedita aut similique. Est rem similique et autem. Placeat consequatur earum impedit adipisci distinctio quisquam et.', 0, '2018-06-05 14:48:32', '2018-06-05 14:48:32'),
(285, 12, 'Brenden Bruen', 'Illo quibusdam officia totam fuga voluptatem dicta. Sint quam quod voluptates ducimus aperiam laudantium aut. Nisi autem quia et sunt in totam.', 5, '2018-06-05 14:48:32', '2018-06-05 14:48:32'),
(286, 35, 'Archibald Anderson', 'Enim hic provident debitis perspiciatis ut sint. Distinctio facilis natus corrupti earum itaque. In voluptatem consequatur voluptatum iusto sapiente quia autem.', 5, '2018-06-05 14:48:32', '2018-06-05 14:48:32'),
(287, 17, 'Rosina Olson', 'Ea temporibus minus quaerat dolorem. Exercitationem necessitatibus in nesciunt totam id est et. Voluptatem eos molestiae architecto quia ad omnis dolorum. Ratione qui enim accusantium.', 4, '2018-06-05 14:48:32', '2018-06-05 14:48:32'),
(288, 20, 'Arnulfo Oberbrunner', 'Quasi excepturi tempora aliquam quia quod totam sit. Vitae et officia provident et harum. Adipisci et sit illo placeat culpa est cupiditate magnam. Nisi dignissimos id eligendi asperiores quia voluptatem quia.', 5, '2018-06-05 14:48:32', '2018-06-05 14:48:32'),
(289, 42, 'Jacquelyn Jerde', 'In nihil sequi est. Qui id ut eius necessitatibus. Asperiores quo ut dolorem.', 2, '2018-06-05 14:48:32', '2018-06-05 14:48:32'),
(290, 35, 'Maye Kulas', 'Ipsum numquam alias nesciunt pariatur iure autem. Rerum dignissimos et est quibusdam qui. Nemo quis voluptas tempora quas et similique deleniti. Distinctio doloremque ipsum qui doloribus.', 3, '2018-06-05 14:48:32', '2018-06-05 14:48:32'),
(291, 15, 'Oma Zboncak IV', 'Fugit eligendi aut aut repudiandae sed numquam fuga. Atque eligendi et quo praesentium ipsam facere. Facere reiciendis ut ut nobis totam aut excepturi dignissimos.', 1, '2018-06-05 14:48:32', '2018-06-05 14:48:32'),
(292, 16, 'Dorthy Greenholt', 'Doloremque est corrupti sed ratione quod. Veritatis ipsam provident explicabo odit aliquam. Quisquam at eos nostrum voluptatum voluptatum voluptatum et. Omnis porro ut doloribus cupiditate magnam.', 5, '2018-06-05 14:48:32', '2018-06-05 14:48:32'),
(293, 36, 'Ms. Juana Greenholt', 'Ut est quasi commodi commodi et. Eum harum sunt optio asperiores laudantium rem.', 1, '2018-06-05 14:48:32', '2018-06-05 14:48:32'),
(294, 8, 'Ara Parisian', 'Ullam vitae omnis ea et aperiam sit ut voluptatem. Est voluptas explicabo praesentium officiis voluptatem pariatur laborum. Nisi adipisci rerum non ea occaecati ut voluptatum.', 1, '2018-06-05 14:48:32', '2018-06-05 14:48:32'),
(295, 30, 'Ross Erdman', 'In omnis numquam voluptatem qui. Numquam ex doloribus libero delectus reiciendis. Fuga dolores voluptates reiciendis porro cupiditate vero eius dicta.', 5, '2018-06-05 14:48:32', '2018-06-05 14:48:32'),
(296, 8, 'Haley Olson', 'Beatae fugiat omnis sapiente quod. Vel quidem distinctio et natus nulla. Voluptas omnis explicabo sit id amet et. Velit alias molestias et saepe quidem neque nihil reprehenderit.', 3, '2018-06-05 14:48:32', '2018-06-05 14:48:32'),
(297, 36, 'Dr. Jaclyn Roob III', 'Provident magnam rerum dolorem. At temporibus eos excepturi iure animi aut velit suscipit. Nemo qui molestias asperiores ullam ab expedita deleniti. Delectus error ut aut.', 1, '2018-06-05 14:48:32', '2018-06-05 14:48:32'),
(298, 14, 'Valerie O\'Conner', 'Id rem explicabo sunt magni temporibus excepturi. Commodi excepturi corrupti qui. Illum perspiciatis sit impedit possimus rem est ea.', 4, '2018-06-05 14:48:32', '2018-06-05 14:48:32'),
(299, 26, 'Mrs. Elta Swaniawski IV', 'Adipisci nemo dolores sit ratione in accusamus et culpa. Ut ratione omnis et possimus quos. Et delectus rem aut nam. Cumque molestiae ullam quia sequi.', 4, '2018-06-05 14:48:32', '2018-06-05 14:48:32'),
(300, 16, 'Yasmine Fay', 'Sit qui officiis doloremque. Ad unde qui sed vitae ducimus ut voluptatem. Ut laboriosam non ea asperiores voluptate. Illo ipsum hic veniam sapiente. Libero quos vero incidunt placeat.', 2, '2018-06-05 14:48:32', '2018-06-05 14:48:32');

-- --------------------------------------------------------

--
-- Table structure for table `users`
--

CREATE TABLE `users` (
  `id` int(10) UNSIGNED NOT NULL,
  `name` varchar(191) COLLATE utf8mb4_unicode_ci NOT NULL,
  `email` varchar(191) COLLATE utf8mb4_unicode_ci NOT NULL,
  `password` varchar(191) COLLATE utf8mb4_unicode_ci NOT NULL,
  `remember_token` varchar(100) COLLATE utf8mb4_unicode_ci DEFAULT NULL,
  `created_at` timestamp NULL DEFAULT NULL,
  `updated_at` timestamp NULL DEFAULT NULL
) ENGINE=InnoDB DEFAULT CHARSET=utf8mb4 COLLATE=utf8mb4_unicode_ci;

--
-- Dumping data for table `users`
--

INSERT INTO `users` (`id`, `name`, `email`, `password`, `remember_token`, `created_at`, `updated_at`) VALUES
(1, 'Parvez Pavel', 'parvez@example.com', '$2y$10$mokg/S3eHOYJZhZkTcs3u.x/Tnj0vnVtrzO4qEC9sEvbO1P3UXSB2', NULL, '2018-06-06 04:13:59', '2018-06-06 04:13:59');

--
-- Indexes for dumped tables
--

--
-- Indexes for table `migrations`
--
ALTER TABLE `migrations`
  ADD PRIMARY KEY (`id`);

--
-- Indexes for table `oauth_access_tokens`
--
ALTER TABLE `oauth_access_tokens`
  ADD PRIMARY KEY (`id`),
  ADD KEY `oauth_access_tokens_user_id_index` (`user_id`);

--
-- Indexes for table `oauth_auth_codes`
--
ALTER TABLE `oauth_auth_codes`
  ADD PRIMARY KEY (`id`);

--
-- Indexes for table `oauth_clients`
--
ALTER TABLE `oauth_clients`
  ADD PRIMARY KEY (`id`),
  ADD KEY `oauth_clients_user_id_index` (`user_id`);

--
-- Indexes for table `oauth_personal_access_clients`
--
ALTER TABLE `oauth_personal_access_clients`
  ADD PRIMARY KEY (`id`),
  ADD KEY `oauth_personal_access_clients_client_id_index` (`client_id`);

--
-- Indexes for table `oauth_refresh_tokens`
--
ALTER TABLE `oauth_refresh_tokens`
  ADD PRIMARY KEY (`id`),
  ADD KEY `oauth_refresh_tokens_access_token_id_index` (`access_token_id`);

--
-- Indexes for table `password_resets`
--
ALTER TABLE `password_resets`
  ADD KEY `password_resets_email_index` (`email`);

--
-- Indexes for table `products`
--
ALTER TABLE `products`
  ADD PRIMARY KEY (`id`);

--
-- Indexes for table `reviews`
--
ALTER TABLE `reviews`
  ADD PRIMARY KEY (`id`),
  ADD KEY `reviews_product_id_index` (`product_id`);

--
-- Indexes for table `users`
--
ALTER TABLE `users`
  ADD PRIMARY KEY (`id`),
  ADD UNIQUE KEY `users_email_unique` (`email`);

--
-- AUTO_INCREMENT for dumped tables
--

--
-- AUTO_INCREMENT for table `migrations`
--
ALTER TABLE `migrations`
  MODIFY `id` int(10) UNSIGNED NOT NULL AUTO_INCREMENT, AUTO_INCREMENT=10;

--
-- AUTO_INCREMENT for table `oauth_clients`
--
ALTER TABLE `oauth_clients`
  MODIFY `id` int(10) UNSIGNED NOT NULL AUTO_INCREMENT, AUTO_INCREMENT=3;

--
-- AUTO_INCREMENT for table `oauth_personal_access_clients`
--
ALTER TABLE `oauth_personal_access_clients`
  MODIFY `id` int(10) UNSIGNED NOT NULL AUTO_INCREMENT, AUTO_INCREMENT=2;

--
-- AUTO_INCREMENT for table `products`
--
ALTER TABLE `products`
  MODIFY `id` int(10) UNSIGNED NOT NULL AUTO_INCREMENT, AUTO_INCREMENT=51;

--
-- AUTO_INCREMENT for table `reviews`
--
ALTER TABLE `reviews`
  MODIFY `id` int(10) UNSIGNED NOT NULL AUTO_INCREMENT, AUTO_INCREMENT=301;

--
-- AUTO_INCREMENT for table `users`
--
ALTER TABLE `users`
  MODIFY `id` int(10) UNSIGNED NOT NULL AUTO_INCREMENT, AUTO_INCREMENT=2;

--
-- Constraints for dumped tables
--

--
-- Constraints for table `reviews`
--
ALTER TABLE `reviews`
  ADD CONSTRAINT `reviews_product_id_foreign` FOREIGN KEY (`product_id`) REFERENCES `products` (`id`) ON DELETE CASCADE;
COMMIT;

/*!40101 SET CHARACTER_SET_CLIENT=@OLD_CHARACTER_SET_CLIENT */;
/*!40101 SET CHARACTER_SET_RESULTS=@OLD_CHARACTER_SET_RESULTS */;
/*!40101 SET COLLATION_CONNECTION=@OLD_COLLATION_CONNECTION */;
